"target","refseq_id","mint","string","dip","reactome","quickgo","cdna_change","codon_change","protein_change","mutated_cell_line","wild_cell_line"
"ABL1","NP_009297","MINT-97648","ENSP00000323315","DIP-1042N","REACT_111045","P00519","c.1051C>T, c.1168G>A, c.1379C>T, c.1485G>A, c.1759G>A, c.1823G>A, c.2042C>T, c.2062C>T, c.20A>G, c.2156_2157CC>TT, c.2404_2404delC, c.2429A>G, c.3128G>A, c.316A>G, c.3194A>G, c.3236G>A, c.3392A>T, c.3437T>C, c.3440T>A, c.344A>G, c.355T>G, c.38G>A, c.548C>T, c.700T>C, ","c.(1051-1053)CGG>TGG, c.(1168-1170)GTA>ATA, c.(1378-1380)CCG>CTG, c.(1483-1485)TGG>TGA, c.(1759-1761)GTG>ATG, c.(1822-1824)CGC>CAC, c.(2041-2043)CCC>CTC, c.(2062-2064)CCC>TCC, c.(19-21)AAA>AGA, c.(2155-2157)ACC>ATT, c.(2404-2406)CCCfs, c.(2428-2430)GAG>GGG, c.(3127-3129)AGC>AAC, c.(316-318)AAG>GAG, c.(3193-3195)AAC>AGC, c.(3235-3237)GGC>GAC, c.(3391-3393)CAG>CTG, c.(3436-3438)ATA>ACA, c.(3439-3441)GTG>GAG, c.(343-345)AAT>AGT, c.(355-357)TGT>GGT, c.(37-39)AGA>AAA, c.(547-549)TCG>TTG, c.(700-702)TAT>CAT, ","p.R351W, p.V390I, p.P460L, p.W495*, p.V587M, p.R608H, p.P681L, p.P688S, p.K7R, p.T719I, p.P802fs, p.E810G, p.S1043N, p.K106E, p.N1065S, p.G1079D, p.Q1131L, p.I1146T, p.V1147E, p.N115S, p.C119G, p.R13K, p.S183L, p.Y234H, ","38","865"
"ABL2","NP_009298","MINT-1347081","ENSP00000339209","DIP-91N","REACT_111045","P42684","c.1574G>T, c.2356T>C, c.2957_2957delC, c.547G>A, c.652T>C, ","c.(1573-1575)AGC>ATC, c.(2356-2358)TCC>CCC, c.(2956-2958)CCAfs, c.(547-549)GCT>ACT, c.(652-654)TAT>CAT, ","p.S525I, p.S786P, p.P986fs, p.A183T, p.Y218H, ","157","753"
"AKT1","NP_005154","MINT-203775","ENSP00000270202","DIP-24269N","REACT_111045","P31749","c.1217G>A, c.145G>A, c.175C>T, c.49G>A, c.745C>T, c.797C>T, c.7G>A, ","c.(1216-1218)CGC>CAC, c.(145-147)GAG>AAG, c.(175-177)CAG>TAG, c.(49-51)GAG>AAG, c.(745-747)CGG>TGG, c.(796-798)TCG>TTG, c.(7-9)GAC>AAC, ","p.R406H, p.E49K, p.Q59*, p.E17K, p.R249W, p.S266L, p.D3N, ","33","874"
"AKT2","NP_001617","MINT-87790","ENSP00000375892","NA","REACT_111045","P31751","c.1079A>C, c.388_389TC>GA, c.416C>T, c.569C>G, c.751C>T, ","c.(1078-1080)GAG>GCG, c.(388-390)TCC>GAC, c.(415-417)GCG>GTG, c.(568-570)GCC>GGC, c.(751-753)CGG>TGG, ","p.E360A, p.S130D, p.A139V, p.A190G, p.R251W, ","21","883"
"AKT3","NP_005456","MINT-222821","ENSP00000263826","NA","REACT_111045","Q9Y243","c.109G>T, c.1394G>A, c.1397C>T, c.178C>G, c.232C>A, c.464G>A, c.47G>C, c.793G>A, ","c.(109-111)GGA>TGA, c.(1393-1395)CGG>CAG, c.(1396-1398)CCG>CTG, c.(178-180)CAG>GAG, c.(232-234)CAG>AAG, c.(463-465)GGT>GAT, c.(46-48)GGA>GCA, c.(793-795)GGA>AGA, ","p.G37*, p.R465Q, p.P466L, p.Q60E, p.Q78K, p.G155D, p.G16A, p.G265R, ","24","880"
"ALK","NP_004295","NA","ENSP00000373700","NA","NA","Q9UM73","c.1080G>T, c.1107C>G, c.1135C>T, c.1153G>A, c.1183C>T, c.1354G>A, c.1657T>G, c.1725G>C, c.2065G>A, c.2210C>T, c.2258G>A, c.2614G>A, c.2621C>T, c.2644G>T, c.2677G>A, c.2753G>T, c.2773G>A, c.2783G>A, c.307G>C, c.3522C>A, c.3541C>T, c.3574C>T, c.3575G>A, c.3652C>T, c.386G>T, c.394G>C, c.428T>G, c.4303_4305delGAG, c.4426G>A, c.4433T>C, c.4627C>T, c.470C>A, c.472C>A, c.474_475insC, c.487G>T, c.625C>T, c.707C>G, c.836C>T, c.950G>C, ","c.(1078-1080)AGG>AGT, c.(1105-1107)AAC>AAG, c.(1135-1137)CCC>TCC, c.(1153-1155)GGT>AGT, c.(1183-1185)CGT>TGT, c.(1354-1356)GGG>AGG, c.(1657-1659)TCC>GCC, c.(1723-1725)AAG>AAC, c.(2065-2067)GGG>AGG, c.(2209-2211)TCG>TTG, c.(2257-2259)CGG>CAG, c.(2614-2616)GGC>AGC, c.(2620-2622)TCC>TTC, c.(2644-2646)GGC>TGC, c.(2677-2679)GGA>AGA, c.(2752-2754)AGA>ATA, c.(2773-2775)GGA>AGA, c.(2782-2784)TGC>TAC, c.(307-309)GGG>CGG, c.(3520-3522)TTC>TTA, c.(3541-3543)CGC>TGC, c.(3574-3576)CGG>TGG, c.(3574-3576)CGG>CAG, c.(3652-3654)CCC>TCC, c.(385-387)GGC>GTC, c.(394-396)GTG>CTG, c.(427-429)CTG>CGG, c.(4303-4305)GAGdel, c.(4426-4428)GTG>ATG, c.(4432-4434)ATG>ACG, c.(4627-4629)CCT>TCT, c.(469-471)CCC>CAC, c.(472-474)CCC>ACC, c.(472-477)CCCGGGfs, c.(487-489)GTG>TTG, c.(625-627)CGC>TGC, c.(706-708)CCT>CGT, c.(835-837)CCA>CTA, c.(949-951)AGA>ACA, ","p.R360S, p.N369K, p.P379S, p.G385S, p.R395C, p.G452R, p.S553A, p.K575N, p.G689R, p.S737L, p.R753Q, p.G872S, p.S874F, p.G882C, p.G893R, p.R918I, p.G925R, p.C928Y, p.G103R, p.F1174L, p.R1181C, p.R1192W, p.R1192Q, p.P1218S, p.G129V, p.V132L, p.L143R, p.E1435del, p.V1476M, p.M1478T, p.P1543S, p.P157H, p.P158T, p.P158fs, p.V163L, p.R209C, p.P236R, p.P279L, p.R317T, ","70","837"
"AR","NP_000035","MINT-94801","ENSP00000363822","DIP-125N","REACT_71","P10275","c.1000G>A, c.1156C>T, c.1199C>T, c.154G>A, c.161_163delTGC, c.1664C>T, c.1762G>T, c.1776G>T, c.1886_splice, c.2146G>A, c.2197G>A, c.2318A>T, c.2402_2402delC, c.2481C>A, c.254_255insGCA, c.2604G>T, c.2623C>T, c.280G>A, c.311C>A, c.354G>T, c.731C>T, c.745C>A, c.917C>T, c.97G>T, c.1251_1251delG, c.1804G>C, c.2354G>A, c.2549C>T, c.2645C>T, c.2728A>G, c.2738_2738delG, c.287_splice, c.690G>T, c.76G>C, ","c.(1000-1002)GGG>AGG, c.(1156-1158)CGC>TGC, c.(1198-1200)GCG>GTG, c.(154-156)GCC>ACC, c.(160-165)TTGCTG>TTG, c.(1663-1665)CCA>CTA, c.(1762-1764)GCT>TCT, c.(1774-1776)CAG>CAT, c.e4-1, c.(2146-2148)GTG>ATG, c.(2197-2199)GAC>AAC, c.(2317-2319)GAG>GTG, c.(2401-2403)ACCfs, c.(2479-2481)TTC>TTA, c.(253-255)AGG>AGGCAG, c.(2602-2604)CAG>CAT, c.(2623-2625)CAT>TAT, c.(280-282)GAT>AAT, c.(310-312)CCC>CAC, c.(352-354)CAG>CAT, c.(730-732)TCG>TTG, c.(745-747)CTG>ATG, c.(916-918)ACT>ATT, c.(97-99)GTG>TTG, c.(1249-1251)GGGfs, c.(1804-1806)GAA>CAA, c.(2353-2355)AGC>AAC, c.(2548-2550)CCC>CTC, c.(2644-2646)CCT>CTT, c.(2728-2730)ACG>GCG, c.(2737-2739)GGAfs, c.e3-1, c.(688-690)AAG>AAT, c.(76-78)GAG>CAG, ","p.G334R, p.R386C, p.A400V, p.A52T, p.54_55LL>L, p.P555L, p.A588S, p.Q592H, p.A629_splice, p.V716M, p.D733N, p.E773V, p.T801fs, p.F827L, p.91_92insQ, p.Q868H, p.H875Y, p.D94N, p.P104H, p.Q118H, p.S244L, p.L249M, p.T306I, p.V33L, p.G417fs, p.E602Q, p.S785N, p.P850L, p.P882L, p.T910A, p.G913fs, p.G96_splice, p.K230N, p.E26Q, ","82","832"
"ATM","NP_000042","MINT-194471","ENSP00000278616","DIP-182N","REACT_111183","Q13315","c.1035G>T, c.1147C>G, c.1741T>G, c.1758G>T, c.1837G>T, c.1874_1875insT, c.1894G>C, c.2048A>G, c.2376_splice, c.2542G>C, c.2770C>T, c.2804C>G, c.2830C>G, c.319T>C, c.3257G>A, c.3668A>G, c.3701T>C, c.3836G>A, c.4049C>T, c.4148C>T, c.4237_splice, c.4561G>C, c.4735_4736insA, c.4755A>C, c.4931T>C, c.5009C>T, c.5470C>T, c.5566G>C, c.5756A>C, c.5993G>A, c.6065G>T, c.6628C>T, c.6669C>G, c.67C>T, c.689A>C, c.7052A>G, c.7381C>T, c.7402G>A, c.743G>A, c.7816A>G, c.7942C>T, c.817G>A, c.8198A>C, c.8285A>G, c.8398C>T, c.8477A>T, c.8528C>T, c.8534_8535GG>AA, c.8545C>T, c.8716G>A, c.8762C>T, c.8895G>C, c.9045G>T, ","c.(1033-1035)TTG>TTT, c.(1147-1149)CCT>GCT, c.(1741-1743)TTA>GTA, c.(1756-1758)GAG>GAT, c.(1837-1839)GTG>TTG, c.(1873-1875)AATfs, c.(1894-1896)GAA>CAA, c.(2047-2049)CAC>CGC, c.e15+1, c.(2542-2544)GAG>CAG, c.(2770-2772)CGG>TGG, c.(2803-2805)ACG>AGG, c.(2830-2832)CTG>GTG, c.(319-321)TGT>CGT, c.(3256-3258)CGC>CAC, c.(3667-3669)AAT>AGT, c.(3700-3702)TTT>TCT, c.(3835-3837)TGG>TAG, c.(4048-4050)ACG>ATG, c.(4147-4149)TCG>TTG, c.e29-2, c.(4561-4563)GTT>CTT, c.(4735-4737)CAAfs, c.(4753-4755)AGA>AGC, c.(4930-4932)ATG>ACG, c.(5008-5010)GCT>GTT, c.(5470-5472)CTT>TTT, c.(5566-5568)GAA>CAA, c.(5755-5757)CAA>CCA, c.(5992-5994)GGA>GAA, c.(6064-6066)GGT>GTT, c.(6628-6630)CAG>TAG, c.(6667-6669)ATC>ATG, c.(67-69)CGA>TGA, c.(688-690)AAT>ACT, c.(7051-7053)GAA>GGA, c.(7381-7383)CGC>TGC, c.(7402-7404)GAA>AAA, c.(742-744)CGA>CAA, c.(7816-7818)ATA>GTA, c.(7942-7944)CCA>TCA, c.(817-819)GAT>AAT, c.(8197-8199)CAG>CCG, c.(8284-8286)CAG>CGG, c.(8398-8400)CAG>TAG, c.(8476-8478)AAT>ATT, c.(8527-8529)GCT>GTT, c.(8533-","p.L345F, p.P383A, p.L581V, p.E586D, p.V613L, p.N625fs, p.E632Q, p.H683R, p.K792_splice, p.E848Q, p.R924W, p.T935R, p.L944V, p.C107R, p.R1086H, p.N1223S, p.F1234S, p.W1279*, p.T1350M, p.S1383L, p.D1413_splice, p.V1521L, p.Q1579fs, p.R1585S, p.M1644T, p.A1670V, p.L1824F, p.E1856Q, p.Q1919P, p.G1998E, p.G2022V, p.Q2210*, p.I2223M, p.R23*, p.N230T, p.E2351G, p.R2461C, p.E2468K, p.R248Q, p.I2606V, p.P2648S, p.D273N, p.Q2733P, p.Q2762R, p.Q2800*, p.N2826I, p.A2843V, p.W2845*, p.R2849*, p.V2906I, p.T2921M, p.L2965F, p.E3015D, ","144","774"
"AURKA","NP_940835","NA","ENSP00000321591","DIP-33068N","REACT_115566","O14965","c.1028G>A, c.140_141TC>GG, c.329C>A, c.50C>G, c.665T>C, ","c.(1027-1029)CGG>CAG, c.(139-141)GTC>GGG, c.(328-330)CCT>CAT, c.(49-51)GCT>GGT, c.(664-666)CTT>CCT, ","p.R343Q, p.V47G, p.P110H, p.A17G, p.L222P, ","22","882"
"AURKB","NP_004208","MINT-1413997","ENSP00000313950","DIP-34530N","REACT_115566","Q96GD4","c.249T>C, c.585G>T, c.607A>G, c.742G>A, c.854G>A, ","c.(247-249)CCT>CCC, c.(583-585)AAG>AAT, c.(607-609)AAG>GAG, c.(742-744)GGG>AGG, c.(853-855)CGC>CAC, ","p.P83P, p.K195N, p.K203E, p.G248R, p.R285H, ","11","891"
"AURKC","NP_001015878","NA","ENSP00000302898","NA","NA","Q9UQB9","c.155G>A, c.411A>T, c.550G>T, c.718G>C, c.866A>C, ","c.(154-156)GGG>GAG, c.(409-411)AAA>AAT, c.(550-552)GAT>TAT, c.(718-720)GAG>CAG, c.(865-867)AAG>ACG, ","p.G52E, p.K137N, p.D184Y, p.E240Q, p.K289T, ","390","518"
"BCL2","NP_000624","MINT-87089","ENSP00000329623","DIP-1043N","REACT_578","P10415","c.283C>G, c.351C>G, c.385C>T, ","c.(283-285)CTG>GTG, c.(349-351)AGC>AGG, c.(385-387)CGC>TGC, ","p.L95V, p.S117R, p.R129C, ","16","890"
"BMX","NP_975010","MINT-1433284","ENSP00000340082","NA","REACT_578","P51813","c.1175T>C, c.1208T>G, c.1612G>A, c.1953_splice, c.431C>A, ","c.(1174-1176)GTG>GCG, c.(1207-1209)GTG>GGG, c.(1612-1614)GCT>ACT, c.e18+2, c.(430-432)ACC>AAC, ","p.V392A, p.V403G, p.A538T, p.E651_splice, p.T144N, ","24","881"
"BRAF","NP_004324","MINT-1574728","ENSP00000288602","DIP-1045N","REACT_111102","P15056","c.1125A>T, c.1199C>T, c.1208_1208delC, c.1391G>T, c.1397G>T, c.1406G>C, c.1433_splice, c.1454T>G, c.1741A>T, c.1743T>A, c.1789C>G, c.1790T>G, c.1796_1797insTAC, c.1799T>A, c.1799_1800TG>AT, c.1803A>T, c.1950G>T, c.2045G>A, c.2048G>A, c.2134G>A, c.220C>G, c.2240C>T, c.356C>G, c.610_611GA>TT, c.622A>G, c.676G>A, c.818G>A, c.823G>A, c.859G>C, c.958G>T, ","c.(1123-1125)GAA>GAT, c.(1198-1200)GCT>GTT, c.(1207-1209)CCTfs, c.(1390-1392)GGA>GTA, c.(1396-1398)GGA>GTA, c.(1405-1407)GGA>GCA, c.e12-1, c.(1453-1455)TTG>TGG, c.(1741-1743)AAT>TAT, c.(1741-1743)AAT>AAA, c.(1789-1791)CTA>GTA, c.(1789-1791)CTA>CGA, c.(1795-1797)ACA>ACTACA, c.(1798-1800)GTG>GAG, c.(1798-1800)GTG>GAT, c.(1801-1803)AAA>AAT, c.(1948-1950)ATG>ATT, c.(2044-2046)CGG>CAG, c.(2047-2049)AGT>AAT, c.(2134-2136)GCC>ACC, c.(220-222)CCA>GCA, c.(2239-2241)GCT>GTT, c.(355-357)ACC>AGC, c.(610-612)GAG>TTG, c.(622-624)ATT>GTT, c.(676-678)GTG>ATG, c.(817-819)AGT>AAT, c.(823-825)GAA>AAA, c.(859-861)GAT>CAT, c.(958-960)GCA>TCA, ","p.E375D, p.A400V, p.P403fs, p.G464V, p.G466V, p.G469A, p.G478_splice, p.L485W, p.N581Y, p.N581K, p.L597V, p.L597R, p.599_599T>TT, p.V600E, p.V600D, p.K601N, p.M650I, p.R682Q, p.S683N, p.A712T, p.P74A, p.A747V, p.T119S, p.E204L, p.I208V, p.V226M, p.S273N, p.E275K, p.D287H, p.A320S, ","114","788"
"BTK","NP_000052","MINT-110243","ENSP00000308176","DIP-34071N","REACT_6900","Q06187","c.1237C>T, c.1421A>T, c.1748A>C, c.1869A>T, c.412_splice, c.740C>T, ","c.(1237-1239)CAA>TAA, c.(1420-1422)GAT>GTT, c.(1747-1749)GAT>GCT, c.(1867-1869)GAA>GAT, c.e5-1, c.(739-741)ACA>ATA, ","p.Q413*, p.D474V, p.D583A, p.E623D, p.V138_splice, p.T247I, ","30","874"
"CASP3","NP_004337","MINT-147180","ENSP00000311032","DIP-268N","REACT_111102","P42574","c.167A>G, c.415_416insA, c.478A>T, c.491G>A, ","c.(166-168)CAT>CGT, c.(415-417)ATAfs, c.(478-480)ATT>TTT, c.(490-492)CGT>CAT, ","p.H56R, p.I139fs, p.I160F, p.R164H, ","12","891"
"CCR5","NP_001093638","MINT-103024","ENSP00000292303","DIP-5866N","REACT_111102","P51681","c.115C>G, c.187A>T, c.203A>C, c.391G>T, c.515A>C, c.58T>A, ","c.(115-117)CTG>GTG, c.(187-189)AGC>TGC, c.(202-204)TAC>TCC, c.(391-393)GTC>TTC, c.(514-516)GAA>GCA, c.(58-60)TGC>AGC, ","p.L39V, p.S63C, p.Y68S, p.V131F, p.E172A, p.C20S, ","27","875"
"CDK1","NP_001777","MINT-5000894","ENSP00000325970","DIP-35N","REACT_111045","P06493","c.529G>A, c.533C>T, c.698C>A, ","c.(529-531)GGG>AGG, c.(532-534)TCA>TTA, c.(697-699)TCT>TAT, ","p.G177R, p.S178L, p.S233Y, ","16","888"
"CDK2","NP_001789","MINT-96328","ENSP00000266970","DIP-161N","REACT_111183","P24941","c.734G>A, ","c.(733-735)CGG>CAG, ","p.R245Q, ","15","887"
"CDK4","NP_000066","MINT-1201237","ENSP00000257904","DIP-24211N","REACT_111183","P11802","c.105G>A, c.3G>T, c.60G>A, c.633_splice, c.64A>C, ","c.(103-105)AAG>AAA, c.(1-3)ATG>ATT, c.(58-60)GTG>GTA, c.e6-1, c.(64-66)AAG>CAG, ","p.K35K, p.M1I, p.V20V, p.K211_splice, p.K22Q, ","11","891"
"CDK6","NP_001250","MINT-232049","ENSP00000265734","DIP-687N","REACT_115566","Q00534","c.169T>C, c.262A>T, c.417C>G, c.503G>A, c.568G>A, c.589G>T, c.738T>A, ","c.(169-171)TCC>CCC, c.(262-264)ACA>TCA, c.(415-417)CAC>CAG, c.(502-504)CGC>CAC, c.(568-570)GTC>ATC, c.(589-591)GCC>TCC, c.(736-738)GAT>GAA, ","p.S57P, p.T88S, p.H139Q, p.R168H, p.V190I, p.A197S, p.D246E, ","17","884"
"CDK7","NP_001790","NA","ENSG00000134058","NA","NA","P50613","c.617T>C, ","c.(616-618)TTA>TCA, ","p.L206S, ","14","890"
"CTNNB1","NP_001895","MINT-105089","ENSP00000344456","DIP-122N","REACT_111045","P35222","c.101G>A, c.109T>C, c.121A>G, c.1234G>C, c.131_133delCTT, c.1653G>A, c.1684_splice, c.1745G>A, c.17A>G, c.1864G>T, c.1982G>A, c.223A>G, c.77A>G, c.825A>T, c.914C>G, c.98C>A, c.98C>G, c.98C>T, ","c.(100-102)GGA>GAA, c.(109-111)TCT>CCT, c.(121-123)ACC>GCC, c.(1234-1236)GAT>CAT, c.(130-135)CCTTCT>CCT, c.(1651-1653)ACG>ACA, c.e12-1, c.(1744-1746)CGG>CAG, c.(16-18)GAT>GGT, c.(1864-1866)GCT>TCT, c.(1981-1983)CGA>CAA, c.(223-225)ACT>GCT, c.(76-78)CAG>CGG, c.(823-825)TTA>TTT, c.(913-915)GCT>GGT, c.(97-99)TCT>TAT, c.(97-99)TCT>TGT, c.(97-99)TCT>TTT, ","p.G34E, p.S37P, p.T41A, p.D412H, p.S45del, p.T551T, p.E562_splice, p.R582Q, p.D6G, p.A622S, p.R661Q, p.T75A, p.Q26R, p.L275F, p.A305G, p.S33Y, p.S33C, p.S33F, ","75","830"
"DHFR","NP_000782","NA","ENSG0000022871","NA","NA","P00374","c.75G>A, ","c.(73-75)TGG>TGA, ","p.W25*, ","10","892"
"EGFR","NP_005219","MINT-206389","ENSP00000275493","DIP-405N","REACT_111045","P00533","c.117G>A, c.1456C>G, c.1591C>T, c.1629_1629delG, c.1774G>T, c.203_203delC, c.2131G>A, c.2155G>A, c.2200G>T, c.2235_2249delGGAATTAAGAGAAGC, c.2236_2244delGAATTAAGA, c.2236_2250delGAATTAAGAGAAGCA, c.2252C>T, c.2257C>T, c.2264C>A, c.2272G>A, c.2303G>T, c.2369C>T, c.2443C>T, c.2573T>G, c.2783A>G, c.2818A>G, c.2918G>A, c.293G>A, c.3031G>A, c.3202C>T, c.3206A>G, c.3305C>T, c.3388A>G, c.3471G>C, c.3477G>C, c.494G>A, c.627A>C, c.700A>G, c.844G>A, c.866C>A, c.866C>T, c.874G>C, c.932G>T, ","c.(115-117)ACG>ACA, c.(1456-1458)CAG>GAG, c.(1591-1593)CGA>TGA, c.(1627-1629)GAGfs, c.(1774-1776)GTC>TTC, c.(202-204)ACCfs, c.(2131-2133)GAA>AAA, c.(2155-2157)GGC>AGC, c.(2200-2202)GAA>TAA, c.(2233-2250)AAGGAATTAAGAGAAGCA>AAA, c.(2236-2244)GAATTAAGAdel, c.(2236-2250)GAATTAAGAGAAGCAdel, c.(2251-2253)ACA>ATA, c.(2257-2259)CCG>TCG, c.(2263-2265)GCC>GAC, c.(2272-2274)GAA>AAA, c.(2302-2304)AGC>ATC, c.(2368-2370)ACG>ATG, c.(2443-2445)CTC>TTC, c.(2572-2574)CTG>CGG, c.(2782-2784)GAG>GGG, c.(2818-2820)ACC>GCC, c.(2917-2919)CGA>CAA, c.(292-294)CGA>CAA, c.(3031-3033)GTG>ATG, c.(3202-3204)CGA>TGA, c.(3205-3207)TAC>TGC, c.(3304-3306)GCT>GTT, c.(3388-3390)AGC>GGC, c.(3469-3471)TGG>TGC, c.(3475-3477)CAG>CAC, c.(493-495)CGG>CAG, c.(625-627)AAA>AAC, c.(700-702)AAC>GAC, c.(844-846)GAG>AAG, c.(865-867)GCC>GAC, c.(865-867)GCC>GTC, c.(874-876)GTG>CTG, c.(931-933)TGT>TTT, ","p.T39T, p.Q486E, p.R531*, p.E543fs, p.V592F, p.T68fs, p.E711K, p.G719S, p.E734*, p.ELREA746del, p.ELR746del, p.ELREA746del, p.T751I, p.P753S, p.A755D, p.E758K, p.S768I, p.T790M, p.L815F, p.L858R, p.E928G, p.T940A, p.R973Q, p.R98Q, p.V1011M, p.R1068*, p.Y1069C, p.A1102V, p.S1130G, p.W1157C, p.Q1159H, p.R165Q, p.K209N, p.N234D, p.E282K, p.A289D, p.A289V, p.V292L, p.C311F, ","95","817"
"ERBB2","NP_004439","MINT-158636","ENSP00000269571","DIP-8N","REACT_111045","P04626","c.1003A>T, c.1621G>A, c.1973T>C, c.2033G>A, c.2159T>C, c.2230G>A, c.2264T>C, c.2327G>T, c.2393C>T, c.2489C>T, c.2524G>A, c.2687G>A, c.298C>T, c.3149C>T, c.345C>T, c.3558C>T, c.3641G>A, c.3685G>T, c.435C>T, c.454_454delG, c.650G>A, c.677G>A, c.689C>T, c.929C>T, ","c.(1003-1005)AGC>TGC, c.(1621-1623)GTG>ATG, c.(1972-1974)GTG>GCG, c.(2032-2034)CGG>CAG, c.(2158-2160)CTG>CCG, c.(2230-2232)GAG>AAG, c.(2263-2265)TTG>TCG, c.(2326-2328)GGT>GTT, c.(2392-2394)ACA>ATA, c.(2488-2490)GCC>GTC, c.(2524-2526)GTA>ATA, c.(2686-2688)CGC>CAC, c.(298-300)CGG>TGG, c.(3148-3150)TCA>TTA, c.(343-345)GCC>GCT, c.(3556-3558)GCC>GCT, c.(3640-3642)AGC>AAC, c.(3685-3687)GAG>TAG, c.(433-435)CTC>CTT, c.(454-456)GGGfs, c.(649-651)CGC>CAC, c.(676-678)CGC>CAC, c.(688-690)CCA>CTA, c.(928-930)TCC>TTC, ","p.S335C, p.V541M, p.V658A, p.R678Q, p.L720P, p.E744K, p.L755S, p.G776V, p.T798I, p.A830V, p.V842I, p.R896H, p.R100W, p.S1050L, p.A115A, p.A1186A, p.S1214N, p.E1229*, p.L145L, p.G152fs, p.R217H, p.R226H, p.P230L, p.S310F, ","53","848"
"FGFR1","NP_075598","MINT-1499363","ENSP00000311337","DIP-4019N","REACT_111045","P11362","c.1028C>T, c.1261A>G, c.1269G>A, c.1271G>A, c.1506G>T, c.2177C>T, c.2203G>A, c.2302G>A, c.235A>G, c.2374G>A, c.304G>A, c.346G>A, c.374C>T, c.449C>T, c.754C>T, c.75G>A, c.802G>T, c.853C>T, ","c.(1027-1029)GCG>GTG, c.(1261-1263)ATC>GTC, c.(1267-1269)CTG>CTA, c.(1270-1272)CGC>CAC, c.(1504-1506)AAG>AAT, c.(2176-2178)ACC>ATC, c.(2203-2205)GAC>AAC, c.(2302-2304)GAC>AAC, c.(235-237)ACC>GCC, c.(2374-2376)GAG>AAG, c.(304-306)GTA>ATA, c.(346-348)GTC>ATC, c.(373-375)TCG>TTG, c.(448-450)CCC>CTC, c.(754-756)CCT>TCT, c.(73-75)CCG>CCA, c.(802-804)GCC>TCC, c.(853-855)CCG>TCG, ","p.A343V, p.I421V, p.L423L, p.R424H, p.K502N, p.T726I, p.D735N, p.D768N, p.T79A, p.E792K, p.V102I, p.V116I, p.S125L, p.P150L, p.P252S, p.P25P, p.A268S, p.P285S, ","46","859"
"FGFR3","NP_001156685","MINT-1034697","ENSP00000260795","DIP-4016N","REACT_111102","P22607","c.1211C>T, c.1954A>G, c.2159A>G, c.2313G>A, c.2318C>T, c.267_267delG, c.742C>T, ","c.(1210-1212)CCC>CTC, c.(1954-1956)AAG>GAG, c.(2158-2160)AAC>AGC, c.(2311-2313)CAG>CAA, c.(2317-2319)TCC>TTC, c.(265-267)GTGfs, c.(742-744)CGC>TGC, ","p.P404L, p.K652E, p.N720S, p.Q771Q, p.S773F, p.V89fs, p.R248C, ","467","442"
"FLT1","NP_002010","MINT-127610","ENSP00000282397","DIP-643N","REACT_111102","P17948","c.1273A>C, c.1301C>A, c.1310C>T, c.133G>T, c.1378C>T, c.1438T>C, c.1525A>G, c.1688T>G, c.1748_1748delT, c.1825_1826insA, c.1869C>G, c.1960A>G, c.1964T>C, c.2065G>A, c.2306C>T, c.2342G>A, c.2363C>T, c.2365G>A, c.2516G>A, c.2576C>A, c.2917G>A, c.292C>T, c.3053G>A, c.3115T>A, c.3134G>A, c.3154G>A, c.3181C>G, c.3260T>C, c.3342G>T, c.3484G>T, c.3569C>T, c.3641T>C, c.3758C>T, c.3830G>A, c.427C>T, c.476G>T, c.603A>T, c.838C>T, c.97G>A, ","c.(1273-1275)AAT>CAT, c.(1300-1302)GCC>GAC, c.(1309-1311)TCG>TTG, c.(133-135)GCA>TCA, c.(1378-1380)CCT>TCT, c.(1438-1440)TGT>CGT, c.(1525-1527)ATG>GTG, c.(1687-1689)TTG>TGG, c.(1747-1749)TTAfs, c.(1825-1827)ATGfs, c.(1867-1869)ATC>ATG, c.(1960-1962)ACA>GCA, c.(1963-1965)ATC>ACC, c.(2065-2067)GAG>AAG, c.(2305-2307)GCG>GTG, c.(2341-2343)CGA>CAA, c.(2362-2364)TCT>TTT, c.(2365-2367)GAA>AAA, c.(2515-2517)GGA>GAA, c.(2575-2577)GCT>GAT, c.(2917-2919)GAA>AAA, c.(292-294)CAA>TAA, c.(3052-3054)TGC>TAC, c.(3115-3117)TGT>AGT, c.(3133-3135)CGG>CAG, c.(3154-3156)GAT>AAT, c.(3181-3183)CTT>GTT, c.(3259-3261)GTA>GCA, c.(3340-3342)AGG>AGT, c.(3484-3486)GTA>TTA, c.(3568-3570)TCT>TTT, c.(3640-3642)GTA>GCA, c.(3757-3759)CCC>CTC, c.(3829-3831)AGT>AAT, c.(427-429)CCC>TCC, c.(475-477)CGG>CTG, c.(601-603)GAA>GAT, c.(838-840)CGA>TGA, c.(97-99)GAA>AAA, ","p.N425H, p.A434D, p.S437L, p.A45S, p.P460S, p.C480R, p.M509V, p.L563W, p.L583fs, p.M609fs, p.I623M, p.T654A, p.I655T, p.E689K, p.A769V, p.R781Q, p.S788F, p.E789K, p.G839E, p.A859D, p.E973K, p.Q98*, p.C1018Y, p.C1039S, p.R1045Q, p.D1052N, p.L1061V, p.V1087A, p.R1114S, p.V1162L, p.S1190F, p.V1214A, p.P1253L, p.S1277N, p.P143S, p.R159L, p.E201D, p.R280*, p.E33K, ","94","818"
"FLT3","NP_004110","NA","ENSP00000241453","NA","NA","P36888","c.1007C>T, c.1127A>G, c.1211C>T, c.1325T>C, c.1342A>T, c.1775T>C, c.1902A>T, c.1982A>T, c.2039C>T, c.2209A>G, c.2213C>A, c.2213C>G, c.2215G>C, c.2545C>T, c.2728C>T, c.2810C>A, c.2858C>T, c.2859_splice, c.2955_2956delTC, c.590T>C, c.931C>T, c.969C>A, ","c.(1006-1008)CCC>CTC, c.(1126-1128)TAC>TGC, c.(1210-1212)TCC>TTC, c.(1324-1326)CTC>CCC, c.(1342-1344)AGT>TGT, c.(1774-1776)GTT>GCT, c.(1900-1902)AAA>AAT, c.(1981-1983)GAA>GTA, c.(2038-2040)GCG>GTG, c.(2209-2211)ATG>GTG, c.(2212-2214)CCT>CAT, c.(2212-2214)CCT>CGT, c.(2215-2217)GGT>CGT, c.(2545-2547)CGT>TGT, c.(2728-2730)CAG>TAG, c.(2809-2811)CCT>CAT, c.(2857-2859)GCG>GTG, c.e23+1, c.(2953-2958)TCTCCGfs, c.(589-591)GTG>GCG, c.(931-933)CGG>TGG, c.(967-969)AAC>AAA, ","p.P336L, p.Y376C, p.S404F, p.L442P, p.S448C, p.V592A, p.K634N, p.E661V, p.A680V, p.M737V, p.P738H, p.P738R, p.G739R, p.R849C, p.Q910*, p.P937H, p.A953V, p.A953_splice, p.S985fs, p.V197A, p.R311W, p.N323K, ","44","859"
"FNTA","NP_002018","MINT-238861","ENSP00000303423","NA","REACT_578","P49354","c.623G>A, c.859C>T, c.869C>A, c.989A>C, ","c.(622-624)TGG>TAG, c.(859-861)CGT>TGT, c.(868-870)TCC>TAC, c.(988-990)AAG>ACG, ","p.W208*, p.R287C, p.S290Y, p.K330T, ","12","892"
"GSK3A","NP_063937","MINT-1688290","ENSP00000222330","NA","REACT_111102","P49840","c.1047_1048insC, c.353C>A, c.553_555delAAG, c.765C>G, ","c.(1045-1050)CCCAACfs, c.(352-354)GCT>GAT, c.(553-555)AAGdel, c.(763-765)GAC>GAG, ","p.P349fs, p.A118D, p.K186del, p.D255E, ","14","889"
"GSK3B","NP_002084","MINT-105006","ENSP00000264235","DIP-878N","REACT_111045","P49841","c.1099C>T, c.1229C>T, c.194G>A, c.376G>A, c.930T>A, c.952T>C, ","c.(1099-1101)CGA>TGA, c.(1228-1230)GCG>GTG, c.(193-195)GGA>GAA, c.(376-378)GTC>ATC, c.(928-930)CAT>CAA, c.(952-954)TTC>CTC, ","p.R367*, p.A410V, p.G65E, p.V126I, p.H310Q, p.F318L, ","32","875"
"HDAC1","NP_004955","MINT-90475","ENSP00000362649","DIP-24184N","REACT_111102","Q13547","c.1292G>A, c.1360_1362delGAG, c.1381G>A, c.1397_1399delAGG, c.1426A>C, c.232T>C, c.235A>G, c.607G>A, c.629A>G, c.844G>A, ","c.(1291-1293)CGC>CAC, c.(1360-1362)GAGdel, c.(1381-1383)GAA>AAA, c.(1396-1401)AAGGAG>AAG, c.(1426-1428)AAG>CAG, c.(232-234)TCC>CCC, c.(235-237)ATC>GTC, c.(607-609)GAG>AAG, c.(628-630)GAC>GGC, c.(844-846)GCC>ACC, ","p.R431H, p.E455del, p.E461K, p.E468del, p.K476Q, p.S78P, p.I79V, p.E203K, p.D210G, p.A282T, ","32","871"
"HDAC2","NP_001518","MINT-90593","ENSP00000357621","DIP-24220N","REACT_111102","Q92769","c.13C>T, c.146C>T, c.1507C>T, c.1657_1657delA, c.243_245delCAG, c.245_246insCAG, c.315_315delA, c.315_316insA, c.641_splice, c.694G>A, c.835G>T, ","c.(13-15)CCC>TCC, c.(145-147)CCG>CTG, c.(1507-1509)CGA>TGA, c.(1657-1659)ACAfs, c.(241-246)AGCAGG>AGG, c.(244-246)AGG>AGCAGG, c.(313-315)AAAfs, c.(313-318)AAAGTCfs, c.e5-1, c.(694-696)GGA>AGA, c.(835-837)GAA>TAA, ","p.P5S, p.P49L, p.R503*, p.T553fs, p.S81del, p.81_82insS, p.K105fs, p.K105fs, p.A214_splice, p.G232R, p.E279*, ","79","827"
"HDAC3","NP_003874","MINT-196172","ENSP00000302967","DIP-24253N","REACT_111045","O15379","c.1033C>T, c.1060_splice, c.1150C>T, c.1170_1171TG>CA, c.68C>G, c.838G>A, c.901C>T, ","c.(1033-1035)CGC>TGC, c.e14-1, c.(1150-1152)CTC>TTC, c.(1168-1173)ACTGAT>ACCAAT, c.(67-69)CCT>CGT, c.(838-840)GTT>ATT, c.(901-903)CGA>TGA, ","p.R345C, p.Y354_splice, p.L384F, p.D391N, p.P23R, p.V280I, p.R301*, ","19","883"
"HDAC6","NP_006035","MINT-238367","ENSP00000334061","DIP-27544N","REACT_111102","Q9UBN7","c.1183G>A, c.11C>T, c.133C>T, c.1791_splice, c.1834G>A, c.2086G>A, c.3203C>T, c.3367_3368CC>GT, c.3451G>A, ","c.(1183-1185)GTC>ATC, c.(10-12)ACC>ATC, c.(133-135)CCC>TCC, c.e19+1, c.(1834-1836)GCA>ACA, c.(2086-2088)GGC>AGC, c.(3202-3204)TCT>TTT, c.(3367-3369)CCT>GTT, c.(3451-3453)GTC>ATC, ","p.V395I, p.T4I, p.P45S, p.E597_splice, p.A612T, p.G696S, p.S1068F, p.P1123V, p.V1151I, ","57","843"
"HDAC8","NP_060956","MINT-5207407","ENSP00000362674","NA","REACT_111102","Q9BY41","c.259G>T, c.407A>G, c.480G>T, c.516T>A, c.669_669delG, c.86A>T, c.91C>T, ","c.(259-261)GAT>TAT, c.(406-408)AAC>AGC, c.(478-480)CTG>CTT, c.(514-516)ATT>ATA, c.(667-669)CGGfs, c.(85-87)GAC>GTC, c.(91-93)CTG>TTG, ","p.D87Y, p.N136S, p.L160L, p.I172I, p.R223fs, p.D29V, p.L31L, ","18","886"
"HSP90AA1","NP_001017963","MINT-132070","ENSP00000216281","DIP-27595N","REACT_111045","P07900","c.1045G>C, c.1087_1089delAAA, c.1101_1102insAAG, c.1121C>T, c.1168_1170delGAA, c.1202_1204delAGA, c.1204A>G, c.1288_1290delGAG, c.1400G>A, c.1543G>A, c.1857G>C, c.1876A>G, c.2043G>T, c.2177A>T, c.223T>A, c.343C>T, c.477C>T, c.47C>T, c.492G>A, c.950C>T, ","c.(1045-1047)GAT>CAT, c.(1087-1089)AAAdel, c.(1099-1104)insAAG, c.(1120-1122)TCG>TTG, c.(1168-1170)GAAdel, c.(1201-1206)AAGATT>ATT, c.(1204-1206)ATT>GTT, c.(1288-1290)GAGdel, c.(1399-1401)CGA>CAA, c.(1543-1545)GAT>AAT, c.(1855-1857)GAG>GAC, c.(1876-1878)AAC>GAC, c.(2041-2043)AAG>AAT, c.(2176-2178)TAT>TTT, c.(223-225)TCC>ACC, c.(343-345)CCA>TCA, c.(475-477)TTC>TTT, c.(46-48)TCC>TTC, c.(490-492)GAG>GAA, c.(949-951)ACT>ATT, ","p.D349H, p.K363del, p.367_368insK, p.S374L, p.E390del, p.K401del, p.I402V, p.E430del, p.R467Q, p.D515N, p.E619D, p.N626D, p.K681N, p.Y726F, p.S75T, p.P115S, p.F159F, p.S16F, p.E164E, p.T317I, ","43","857"
"HSP90AB1","NP_031381","MINT-99712","ENSP00000325875","DIP-413N","REACT_111045","P08238","c.1097G>A, c.1299C>A, c.1463_splice, c.1665G>C, c.1724T>C, c.1760C>T, c.1828G>A, c.1850T>G, c.1867_1867delA, c.1910C>T, c.1984G>A, c.2017C>T, c.2150C>T, c.244C>T, c.275G>A, c.359G>A, c.412T>G, c.52C>G, c.587G>A, c.590G>A, c.606G>A, c.634C>T, c.714A>G, c.730G>A, c.736G>C, ","c.(1096-1098)TGT>TAT, c.(1297-1299)TTC>TTA, c.e10-1, c.(1663-1665)GAG>GAC, c.(1723-1725)GTT>GCT, c.(1759-1761)TCA>TTA, c.(1828-1830)GCA>ACA, c.(1849-1851)ATG>AGG, c.(1867-1869)AAAfs, c.(1909-1911)ACG>ATG, c.(1984-1986)GCC>ACC, c.(2017-2019)CCC>TCC, c.(2149-2151)GCG>GTG, c.(244-246)CGT>TGT, c.(274-276)GGC>GAC, c.(358-360)GGT>GAT, c.(412-414)TTG>GTG, c.(52-54)CAG>GAG, c.(586-588)AGG>AAG, c.(589-591)CGG>CAG, c.(604-606)GTG>GTA, c.(634-636)CCC>TCC, c.(712-714)GAA>GAG, c.(730-732)GAT>AAT, c.(736-738)GAA>CAA, ","p.C366Y, p.F433L, p.G488_splice, p.E555D, p.V575A, p.S587L, p.A610T, p.M617R, p.K623fs, p.T637M, p.A662T, p.P673S, p.A717V, p.R82C, p.G92D, p.G120D, p.L138V, p.Q18E, p.R196K, p.R197Q, p.V202V, p.P212S, p.E238E, p.D244N, p.E246Q, ","44","860"
"HSP90AB4P","NR_002927","NA","NA","NA","NA","Q58FF6","c.1061_1063delTTA, c.1232_1261delAGTGGAAGAAGGGCTTCGAGGTAATATATA, ","c.(1060-1065)ATTAAC>AAC, c.(1231-1263)GAGTGGAAGAAGGGCTTCGAGGTAATATATATG>GTG, ","p.I354del, p.411_421EWKKGFEVIYM>V, ","4","900"
"HSP90B1","NP_003290","MINT-210408","ENSP00000299767","DIP-36060N","REACT_116125","P14625","c.1103A>G, c.1208C>T, c.1495G>A, c.1623G>A, c.1669C>T, c.1931C>T, c.2018T>A, c.2033A>G, c.208_211delAGAG, c.2096G>A, c.2186T>C, c.2272G>C, c.2362_2364delGAA, c.734C>T, c.736A>G, ","c.(1102-1104)GAC>GGC, c.(1207-1209)TCT>TTT, c.(1495-1497)GAC>AAC, c.(1621-1623)ATG>ATA, c.(1669-1671)CGA>TGA, c.(1930-1932)CCG>CTG, c.(2017-2019)ATC>AAC, c.(2032-2034)TAT>TGT, c.(208-213)AGAGAGfs, c.(2095-2097)CGA>CAA, c.(2185-2187)TTA>TCA, c.(2272-2274)GAG>CAG, c.(2362-2364)GAAdel, c.(733-735)ACG>ATG, c.(736-738)ACA>GCA, ","p.D368G, p.S403F, p.D499N, p.M541I, p.R557*, p.P644L, p.I673N, p.Y678C, p.R70fs, p.R699Q, p.L729S, p.E758Q, p.E791del, p.T245M, p.T246A, ","260","648"
"HSP90B3P","NR_003130","NA","#","NA","NA","NA","c.1044_1044delG, c.475_475delA, c.943_943delA, ","c.(1042-1044)AAGfs, c.(475-477)AAAfs, c.(943-945)AAAfs, ","p.K348fs, p.K159fs, p.K315fs, ","5","898"
"IGF1R","NP_000866","NA","ENSP00000268035","NA","NA","P08069","c.1080G>T, c.112G>A, c.1382G>A, c.1503G>A, c.1570A>T, c.1660G>A, c.1780A>G, c.1889A>G, c.2273C>T, c.2374A>G, c.2482G>A, c.2815G>A, c.2965C>T, c.3109G>A, c.311C>T, c.3436G>A, c.3736C>T, c.3865G>T, c.398T>C, c.4058G>A, c.754C>T, c.823C>T, ","c.(1078-1080)TTG>TTT, c.(112-114)GAC>AAC, c.(1381-1383)CGC>CAC, c.(1501-1503)TCG>TCA, c.(1570-1572)ACC>TCC, c.(1660-1662)GTG>ATG, c.(1780-1782)ATC>GTC, c.(1888-1890)AAG>AGG, c.(2272-2274)ACG>ATG, c.(2374-2376)AAC>GAC, c.(2482-2484)GCA>ACA, c.(2815-2817)GCT>ACT, c.(2965-2967)CCT>TCT, c.(3109-3111)GAG>AAG, c.(310-312)ACG>ATG, c.(3436-3438)GAT>AAT, c.(3736-3738)CGC>TGC, c.(3865-3867)GAG>TAG, c.(397-399)CTG>CCG, c.(4057-4059)CGC>CAC, c.(754-756)CGC>TGC, c.(823-825)CGC>TGC, ","p.L360F, p.D38N, p.R461H, p.S501S, p.T524S, p.V554M, p.I594V, p.K630R, p.T758M, p.N792D, p.A828T, p.A939T, p.P989S, p.E1037K, p.T104M, p.D1146N, p.R1246C, p.E1289*, p.L133P, p.R1353H, p.R252C, p.R275C, ","126","788"
"IKBKE","NP_054721","MINT-1132084","ENSP00000356087","DIP-27530N","REACT_6900","Q14164","c.1037_1037delC, c.1264G>A, c.2109C>A, c.210C>G, c.2116C>T, c.241C>T, c.534G>T, ","c.(1036-1038)GCCfs, c.(1264-1266)GGC>AGC, c.(2107-2109)ATC>ATA, c.(208-210)CTC>CTG, c.(2116-2118)CGG>TGG, c.(241-243)CAG>TAG, c.(532-534)GAG>GAT, ","p.A346fs, p.G422S, p.I703I, p.L70L, p.R706W, p.Q81*, p.E178D, ","25","877"
"ITK","NP_005537","NA","ENSG00000113263","NA","NA","Q08881","c.1672C>A, c.451A>C, ","c.(1672-1674)CCG>ACG, c.(451-453)AAT>CAT, ","p.P558T, p.N151H, ","43","859"
"JAK2","NP_004963","MINT-158048","ENSP00000371067","DIP-33880N","REACT_111102","O60674","c.1148T>C, c.1520C>G, c.1774G>A, c.1849G>T, c.20C>T, c.238G>A, c.2431C>A, c.3277G>A, c.3350G>T, ","c.(1147-1149)CTC>CCC, c.(1519-1521)TCA>TGA, c.(1774-1776)GAG>AAG, c.(1849-1851)GTC>TTC, c.(19-21)ACG>ATG, c.(238-240)GTG>ATG, c.(2431-2433)CCA>ACA, c.(3277-3279)GGA>AGA, c.(3349-3351)AGG>ATG, ","p.L383P, p.S507*, p.E592K, p.V617F, p.T7M, p.V80M, p.P811T, p.G1093R, p.R1117M, ","40","866"
"KDR","NP_002244","MINT-127732","ENSP00000263923","DIP-486N","REACT_111102","P35968","c.1069T>A, c.1174G>A, c.1271G>A, c.1397G>T, c.1413_splice, c.1487A>C, c.1724G>C, c.1898C>T, c.2012G>A, c.2054A>G, c.2129A>C, c.2212C>T, c.2372G>A, c.2510_splice, c.2743A>G, c.2744T>C, c.2872G>T, c.2971_splice, c.3010C>A, c.3064C>T, c.3110C>T, c.3308C>A, c.3378G>T, c.3433G>A, c.3639T>G, c.3842C>T, c.3908G>A, c.3910G>T, c.4016C>T, c.455G>T, c.499G>T, c.511G>C, c.5A>G, c.688C>T, c.746G>T, c.763G>C, c.782A>T, c.858_860delGAA, c.878C>T, c.998G>T, ","c.(1069-1071)TAC>AAC, c.(1174-1176)GAC>AAC, c.(1270-1272)GGT>GAT, c.(1396-1398)TGC>TTC, c.e11-1, c.(1486-1488)AAA>ACA, c.(1723-1725)AGA>ACA, c.(1897-1899)TCC>TTC, c.(2011-2013)GGA>GAA, c.(2053-2055)GAA>GGA, c.(2128-2130)GAC>GCC, c.(2212-2214)CAG>TAG, c.(2371-2373)CGG>CAG, c.e18-1, c.(2743-2745)ATT>GTT, c.(2743-2745)ATT>ACT, c.(2872-2874)GAT>TAT, c.e21+1, c.(3010-3012)CAT>AAT, c.(3064-3066)CGA>TGA, c.(3109-3111)TCG>TTG, c.(3307-3309)GCT>GAT, c.(3376-3378)AGG>AGT, c.(3433-3435)GGG>AGG, c.(3637-3639)CAT>CAG, c.(3841-3843)TCT>TTT, c.(3907-3909)AGC>AAC, c.(3910-3912)GGC>TGC, c.(4015-4017)ACA>ATA, c.(454-456)GGG>GTG, c.(499-501)GAA>TAA, c.(511-513)GTT>CTT, c.(4-6)CAG>CGG, c.(688-690)CCG>TCG, c.(745-747)AGA>ATA, c.(763-765)GGG>CGG, c.(781-783)GAA>GTA, c.(856-861)AAGAAA>AAA, c.(877-879)ACT>ATT, c.(997-999)GGA>GTA, ","p.Y357N, p.D392N, p.G424D, p.C466F, p.S471_splice, p.K496T, p.R575T, p.S633F, p.G671E, p.E685G, p.D710A, p.Q738*, p.R791Q, p.G837_splice, p.I915V, p.I915T, p.D958Y, p.A991_splice, p.H1004N, p.R1022*, p.S1037L, p.A1103D, p.R1126S, p.G1145R, p.H1213Q, p.S1281F, p.S1303N, p.G1304C, p.T1339I, p.G152V, p.E167*, p.V171L, p.Q2R, p.P230S, p.R249I, p.G255R, p.E261V, p.286_287KK>K, p.T293I, p.G333V, ","83","827"
"KIT","NP_000213","NA","ENSP00000288135","DIP-1055N","REACT_111102","P10721","c.121_121delC, c.1245C>G, c.1604T>C, c.1848_1848delG, c.1918G>A, c.2335G>T, c.2361_splice, c.2381C>A, c.2466T>A, c.2626G>T, c.2644A>G, c.2690C>T, c.2876C>A, c.335G>T, c.349C>A, c.388A>G, c.404G>A, c.464C>A, c.479T>G, c.506G>A, c.613A>T, c.850G>T, c.910A>G, c.916G>T, ","c.(121-123)CCAfs, c.(1243-1245)ATC>ATG, c.(1603-1605)ATG>ACG, c.(1846-1848)GCGfs, c.(1918-1920)GAA>AAA, c.(2335-2337)GGC>TGC, c.e16+1, c.(2380-2382)GCA>GAA, c.(2464-2466)AAT>AAA, c.(2626-2628)GAT>TAT, c.(2644-2646)ATG>GTG, c.(2689-2691)GCT>GTT, c.(2875-2877)TCT>TAT, c.(334-336)AGA>ATA, c.(349-351)CTT>ATT, c.(388-390)AAC>GAC, c.(403-405)CGC>CAC, c.(463-465)CCT>CAT, c.(478-480)TTG>TGG, c.(505-507)GGC>GAC, c.(613-615)AGG>TGG, c.(850-852)GAT>TAT, c.(910-912)ACC>GCC, c.(916-918)GAA>TAA, ","p.P41fs, p.I415M, p.M535T, p.A616fs, p.E640K, p.G779C, p.N787_splice, p.A794E, p.N822K, p.D876Y, p.M882V, p.A897V, p.S959Y, p.R112I, p.L117I, p.N130D, p.R135H, p.P155H, p.L160W, p.G169D, p.R205W, p.D284Y, p.T304A, p.E306*, ","49","860"
"MAP2K1","NP_002746","MINT-99632","ENSP00000302486","DIP-201N","REACT_111045","Q02750","c.1052A>G, c.1062A>C, c.1168G>A, c.145C>T, c.167A>C, c.199G>A, c.238G>A, c.355C>T, c.370C>T, c.371C>T, c.401A>G, c.568G>T, c.779G>T, c.895_splice, ","c.(1051-1053)GAT>GGT, c.(1060-1062)CAA>CAC, c.(1168-1170)GCT>ACT, c.(145-147)CGC>TGC, c.(166-168)CAG>CCG, c.(199-201)GAC>AAC, c.(238-240)GGT>AGT, c.(355-357)CAT>TAT, c.(370-372)CCG>TCG, c.(370-372)CCG>CTG, c.(400-402)TAC>TGC, c.(568-570)GAT>TAT, c.(778-780)AGG>ATG, c.e7+1, ","p.D351G, p.Q354H, p.A390T, p.R49C, p.Q56P, p.D67N, p.G80S, p.H119Y, p.P124S, p.P124L, p.Y134C, p.D190Y, p.R260M, p.S299_splice, ","204","705"
"MAP2K2","NP_109587","MINT-99667","ENSP00000262948","DIP-29119N","REACT_111045","P36507","c.114G>C, c.179A>C, c.281C>T, c.329C>T, c.449T>C, c.598A>G, ","c.(112-114)CAG>CAC, c.(178-180)CAG>CCG, c.(280-282)TCG>TTG, c.(328-330)GCC>GTC, c.(448-450)ATG>ACG, c.(598-600)ATC>GTC, ","p.Q38H, p.Q60P, p.S94L, p.A110V, p.M150T, p.I200V, ","12","892"
"MAPK11","NP_002742","MINT-3032032","ENSP00000333685","NA","REACT_111045","Q15759","c.600C>T, c.792_792delC, c.878G>T, ","c.(598-600)TAC>TAT, c.(790-792)CCCfs, c.(877-879)AGT>ATT, ","p.Y200Y, p.P264fs, p.S293I, ","26","876"
"MAPK12","NP_002960","MINT-90266","ENSP00000215659","NA","REACT_111045","P53778","c.465G>A, c.618G>A, c.700C>T, c.782A>G, c.908G>A, c.926C>T, c.934G>A, c.953A>G, ","c.(463-465)AAG>AAA, c.(616-618)ACG>ACA, c.(700-702)CAG>TAG, c.(781-783)TAC>TGC, c.(907-909)GGC>GAC, c.(925-927)CCC>CTC, c.(934-936)GAG>AAG, c.(952-954)GAA>GGA, ","p.K155K, p.T206T, p.Q234*, p.Y261C, p.G303D, p.P309L, p.E312K, p.E318G, ","30","870"
"MAPK13","NP_002745","MINT-1183220","ENSP00000211287","NA","REACT_111102","O15264","c.1035G>C, c.389T>G, ","c.(1033-1035)GAG>GAC, c.(388-390)CTG>CGG, ","p.E345D, p.L130R, ","8","894"
"MAPK14","NP_001306","MINT-126546","ENSP00000229794","NA","REACT_111045","Q16539","c.1044T>C, c.211G>A, c.39G>C, c.491T>C, c.727C>A, c.965C>G, ","c.(1042-1044)TTT>TTC, c.(211-213)GAA>AAA, c.(37-39)CTG>CTC, c.(490-492)CTG>CCG, c.(727-729)CCC>ACC, c.(964-966)CCT>CGT, ","p.F348F, p.E71K, p.L13L, p.L164P, p.P243T, p.P322R, ","144","754"
"MAPK7","NP_620602","NA","ENSP00000299612","NA","REACT_111102","Q13164","c.1958C>T, c.1973C>T, c.1993G>A, c.775C>T, ","c.(1957-1959)GCG>GTG, c.(1972-1974)GCC>GTC, c.(1993-1995)GCT>ACT, c.(775-777)CGC>TGC, ","p.A653V, p.A658V, p.A665T, p.R259C, ","40","862"
"MAPK8","NP_620635","MINT-1211982","ENSP00000353483","DIP-249N","REACT_111102","P45983","c.1218G>A, c.1225G>T, c.236G>A, c.307G>C, c.335A>G, c.446A>G, c.469A>G, c.529G>T, c.776A>T, c.830A>T, ","c.(1216-1218)CCG>CCA, c.(1225-1227)GCC>TCC, c.(235-237)TGT>TAT, c.(307-309)GAT>CAT, c.(334-336)GAT>GGT, c.(445-447)CAT>CGT, c.(469-471)ATA>GTA, c.(529-531)GGA>TGA, c.(775-777)TAC>TTC, c.(829-831)GAT>GTT, ","p.P406P, p.A409S, p.C79Y, p.D103H, p.D112G, p.H149R, p.I157V, p.G177*, p.Y259F, p.D277V, ","27","880"
"MCL1","NP_068779","NA","ENSG00000143384","NA","NA","Q07820","c.217T>C, c.221G>A, c.282G>A, ","c.(217-219)TCC>CCC, c.(220-222)CGG>CAG, c.(280-282)GCG>GCA, ","p.S73P, p.R74Q, p.A94A, ","68","835"
"MDM2","NP_002383","MINT-101583","ENSP00000258149","DIP-392N","REACT_111102","Q00987","c.10A>C, c.1105_1105delA, c.450A>G, c.541T>G, c.584T>C, c.733G>C, c.901C>A, c.910T>C, c.941G>A, c.999G>T, ","c.(10-12)AGC>CGC, c.(1105-1107)AAAfs, c.(448-450)GAA>GAG, c.(541-543)TTA>GTA, c.(583-585)ATT>ACT, c.(733-735)GAT>CAT, c.(901-903)CCT>ACT, c.(910-912)TCC>CCC, c.(940-942)TGC>TAC, c.(997-999)GAG>GAT, ","p.S4R, p.K369fs, p.E150E, p.L181V, p.I195T, p.D245H, p.P301T, p.S304P, p.C314Y, p.E333D, ","35","867"
"MET","NP_001120972","MINT-137376","ENSP00000317272","DIP-6023N","REACT_111045","P08581","c.1030G>A, c.1125C>G, c.1366_1366delG, c.1588C>G, c.2281C>T, c.2445G>C, c.2527G>A, c.2554A>T, c.257C>T, c.2821G>T, c.2941_splice, c.2966A>G, c.2967C>A, c.3019G>A, c.3082_splice, c.3083_splice, c.325G>A, c.3472C>T, c.3496C>T, c.3551G>A, c.3718G>A, c.404G>A, c.4103T>A, c.50C>T, c.632T>G, c.710_710delT, c.71G>A, c.731C>A, c.997A>T, ","c.(1030-1032)GGG>AGG, c.(1123-1125)AAC>AAG, c.(1366-1368)GGGfs, c.(1588-1590)CTC>GTC, c.(2281-2283)CCT>TCT, c.(2443-2445)GAG>GAC, c.(2527-2529)GGG>AGG, c.(2554-2556)ATT>TTT, c.(256-258)ACT>ATT, c.(2821-2823)GTA>TTA, c.e13+2, c.(2965-2967)TAC>TGC, c.(2965-2967)TAC>TAA, c.(3019-3021)GTA>ATA, c.e14+1, c.e15-1, c.(325-327)GGA>AGA, c.(3472-3474)CTC>TTC, c.(3496-3498)CGA>TGA, c.(3550-3552)CGA>CAA, c.(3718-3720)GAT>AAT, c.(403-405)AGC>AAC, c.(4102-4104)GTC>GAC, c.(49-51)ACC>ATC, c.(631-633)TTG>TGG, c.(709-711)GTTfs, c.(70-72)GGG>GAG, c.(730-732)TCT>TAT, c.(997-999)ATA>TTA, ","p.G344R, p.N375K, p.G456fs, p.L530V, p.P761S, p.E815D, p.G843R, p.I852F, p.T86I, p.V941L, p.D981_splice, p.Y989C, p.Y989*, p.V1007I, p.D1028_splice, p.D1028_splice, p.G109R, p.L1158F, p.R1166*, p.R1184Q, p.D1240N, p.S135N, p.V1368D, p.T17I, p.L211W, p.V237fs, p.G24E, p.S244Y, p.I333L, ","85","823"
"MTOR","NP_004949","MINT-121301","ENSP00000354558","DIP-790N","REACT_111102","P42345","c.121G>A, c.121G>C, c.1258G>A, c.1358C>T, c.1464G>A, c.2407G>T, c.2422_splice, c.3401C>T, c.3533C>T, c.3602G>A, c.3622C>T, c.3761C>T, c.4222C>T, c.4279G>C, c.4366T>A, c.4448G>A, c.4471G>A, c.4835G>A, c.5126G>A, c.5182G>T, c.5246G>A, c.5293A>G, c.5402T>G, c.5510C>A, c.5762A>T, c.6050T>C, c.6214C>T, c.6454C>T, c.6695C>T, c.6713G>A, c.7019A>G, c.7033A>G, c.7165_splice, c.7289G>T, c.728A>G, c.7525A>G, c.781A>G, c.785A>G, ","c.(121-123)GCC>ACC, c.(121-123)GCC>CCC, c.(1258-1260)GTC>ATC, c.(1357-1359)CCT>CTT, c.(1462-1464)ATG>ATA, c.(2407-2409)GGA>TGA, c.e16-1, c.(3400-3402)GCA>GTA, c.(3532-3534)TCT>TTT, c.(3601-3603)CGA>CAA, c.(3622-3624)CGC>TGC, c.(3760-3762)CCC>CTC, c.(4222-4224)CCC>TCC, c.(4279-4281)GAG>CAG, c.(4366-4368)TGG>AGG, c.(4447-4449)TGC>TAC, c.(4471-4473)GGT>AGT, c.(4834-4836)CGA>CAA, c.(5125-5127)CGC>CAC, c.(5182-5184)GCC>TCC, c.(5245-5247)CGA>CAA, c.(5293-5295)AAT>GAT, c.(5401-5403)GTG>GGG, c.(5509-5511)ACT>AAT, c.(5761-5763)GAG>GTG, c.(6049-6051)ATC>ACC, c.(6214-6216)CAG>TAG, c.(6454-6456)CGC>TGC, c.(6694-6696)ACC>ATC, c.(6712-6714)GGC>GAC, c.(7018-7020)CAC>CGC, c.(7033-7035)ATG>GTG, c.e53-1, c.(7288-7290)AGG>ATG, c.(727-729)AAG>AGG, c.(7525-7527)ACT>GCT, c.(781-783)ATC>GTC, c.(784-786)CAT>CGT, ","p.A41T, p.A41P, p.V420I, p.P453L, p.M488I, p.G803*, p.V808_splice, p.A1134V, p.S1178F, p.R1201Q, p.R1208C, p.P1254L, p.P1408S, p.E1427Q, p.W1456R, p.C1483Y, p.G1491S, p.R1612Q, p.R1709H, p.A1728S, p.R1749Q, p.N1765D, p.V1801G, p.T1837N, p.E1921V, p.I2017T, p.Q2072*, p.R2152C, p.T2232I, p.G2238D, p.H2340R, p.M2345V, p.V2389_splice, p.R2430M, p.K243R, p.T2509A, p.I261V, p.H262R, ","111","812"
"NFKB1","NP_003989","MINT-85658","ENSP00000226574","DIP-106N","REACT_111102","P19838","c.1129G>A, c.1139G>C, c.1291A>C, c.1754C>T, c.182T>C, c.1841G>A, c.2111G>T, c.2749_splice, c.2872G>C, c.393G>T, c.40_splice, c.583G>C, ","c.(1129-1131)GGT>AGT, c.(1138-1140)GGT>GCT, c.(1291-1293)ATG>CTG, c.(1753-1755)ACG>ATG, c.(181-183)GTA>GCA, c.(1840-1842)CGC>CAC, c.(2110-2112)TGC>TTC, c.e23+2, c.(2872-2874)GAT>CAT, c.(391-393)AAG>AAT, c.e3-1, c.(583-585)GAG>CAG, ","p.G377S, p.G380A, p.M431L, p.T585M, p.V61A, p.R614H, p.C704F, p.D917_splice, p.D958H, p.K131N, p.M14_splice, p.E195Q, ","81","823"
"NTRK1","NP_002520","MINT-124106","ENSP00000351486","DIP-1060N","REACT_111102","P04629","c.1007C>A, c.1160C>T, c.1262C>T, c.12C>T, c.1354C>T, c.1424C>G, c.1749_1749delC, c.1784G>A, c.1859_1860insC, c.2033C>T, c.2242C>T, c.2378A>C, c.509T>C, c.51G>C, c.880G>C, ","c.(1006-1008)GCA>GAA, c.(1159-1161)CCC>CTC, c.(1261-1263)GCT>GTT, c.(10-12)GCC>GCT, c.(1354-1356)CGC>TGC, c.(1423-1425)TCC>TGC, c.(1747-1749)CGCfs, c.(1783-1785)GGG>GAG, c.(1858-1860)GGCfs, c.(2032-2034)ACC>ATC, c.(2242-2244)CGG>TGG, c.(2377-2379)GAT>GCT, c.(508-510)GTG>GCG, c.(49-51)TTG>TTC, c.(880-882)GTG>CTG, ","p.A336E, p.P387L, p.A421V, p.A4A, p.R452C, p.S475C, p.R583fs, p.G595E, p.G620fs, p.T678I, p.R748W, p.D793A, p.V170A, p.L17F, p.V294L, ","40","861"
"P4HB","NP_000909","MINT-4999403","ENSP00000327801","NA","REACT_111217","P07237","c.1006G>T, c.1034G>T, c.1094A>G, c.1160_1160delA, c.1301_1302CC>TT, c.1357A>G, c.1378_1378delG, c.255G>T, c.489C>T, c.864C>T, ","c.(1006-1008)GCA>TCA, c.(1033-1035)CGC>CTC, c.(1093-1095)GAC>GGC, c.(1159-1161)AACfs, c.(1300-1302)GCC>GTT, c.(1357-1359)ACG>GCG, c.(1378-1380)GAAfs, c.(253-255)ACG>ACT, c.(487-489)GAC>GAT, c.(862-864)TTC>TTT, ","p.A336S, p.R345L, p.D365G, p.N387fs, p.A434V, p.T453A, p.E460fs, p.T85T, p.D163D, p.F288F, ","36","866"
"PAK1","NP_001122092","MINT-92897","ENSP00000278568","DIP-31016N","REACT_111045","Q13153","c.534T>G, c.567G>A, c.849C>T, c.875C>T, ","c.(532-534)GAT>GAG, c.(565-567)GTG>GTA, c.(847-849)ACC>ACT, c.(874-876)ACA>ATA, ","p.D178E, p.V189V, p.T283T, p.T292I, ","26","879"
"PARP1","NP_001609","MINT-104344","ENSP00000355759","DIP-38N","NA","P09874","c.1251_1251delG, c.1804G>C, c.2354G>A, c.2549C>T, c.2645C>T, c.2728A>G, c.2738_2738delG, c.287_splice, c.690G>T, c.76G>C, ","c.(1249-1251)GGGfs, c.(1804-1806)GAA>CAA, c.(2353-2355)AGC>AAC, c.(2548-2550)CCC>CTC, c.(2644-2646)CCT>CTT, c.(2728-2730)ACG>GCG, c.(2737-2739)GGAfs, c.e3-1, c.(688-690)AAG>AAT, c.(76-78)GAG>CAG, ","p.G417fs, p.E602Q, p.S785N, p.P850L, p.P882L, p.T910A, p.G913fs, p.G96_splice, p.K230N, p.E26Q, ","32","874"
"PDGFRA","NP_006197","NA","ENSP00000257290","DIP-5736N","REACT_111102","P16234","c.1034C>A, c.1277G>A, c.1489A>G, c.1588_1589GC>AG, c.1653_splice, c.169T>C, c.1729C>A, c.2208G>T, c.2324_splice, c.248C>T, c.2543A>T, c.2661G>T, c.2740C>T, c.2757C>A, c.2779G>C, c.277G>A, c.283A>T, c.2886T>A, c.2894T>A, c.2935C>T, c.294C>A, c.3050G>T, c.3062C>A, c.3098A>T, c.3219G>A, c.3255A>C, c.368_splice, c.372_373delAG, c.398G>A, c.515A>T, c.613G>T, c.689C>T, c.695A>G, c.723G>T, c.731A>T, c.748C>A, c.749C>A, c.796A>C, c.818A>C, c.865G>A, c.967C>G, ","c.(1033-1035)CCC>CAC, c.(1276-1278)GGC>GAC, c.(1489-1491)ATC>GTC, c.(1588-1590)GCA>AGA, c.e11+1, c.(169-171)TGG>CGG, c.(1729-1731)CCG>ACG, c.(2206-2208)CAG>CAT, c.e17-1, c.(247-249)ACG>ATG, c.(2542-2544)AAC>ATC, c.(2659-2661)GAG>GAT, c.(2740-2742)CGG>TGG, c.(2755-2757)GAC>GAA, c.(2779-2781)GAG>CAG, c.(277-279)GAA>AAA, c.(283-285)ACA>TCA, c.(2884-2886)TAT>TAA, c.(2893-2895)ATT>AAT, c.(2935-2937)CGC>TGC, c.(292-294)TAC>TAA, c.(3049-3051)GGC>GTC, c.(3061-3063)CCT>CAT, c.(3097-3099)GAC>GTC, c.(3217-3219)ATG>ATA, c.(3253-3255)GAA>GAC, c.e4-1, c.(370-375)ACAGGGfs, c.(397-399)GGG>GAG, c.(514-516)TAC>TTC, c.(613-615)GTT>TTT, c.(688-690)ACG>ATG, c.(694-696)AAT>AGT, c.(721-723)GAG>GAT, c.(730-732)GAC>GTC, c.(748-750)CTT>ATT, c.(748-750)CCT>CAT, c.(796-798)ACT>CCT, c.(817-819)TAC>TCC, c.(865-867)GAA>AAA, c.(967-969)CAG>GAG, ","p.P345H, p.G426D, p.I497V, p.A530R, p.Q551_splice, p.W57R, p.P577T, p.Q736H, p.D775_splice, p.T83M, p.N848I, p.E887D, p.R914W, p.D919E, p.E927Q, p.E93K, p.T95S, p.Y962*, p.I965N, p.R979C, p.Y98*, p.G1017V, p.P1021H, p.D1033V, p.M1073I, p.E1085D, p.D123_splice, p.T124fs, p.G133E, p.Y172F, p.V205F, p.T230M, p.N232S, p.E241D, p.D244V, p.L250I, p.P250H, p.T266P, p.Y273S, p.E289K, p.Q323E, ","316","618"
"PDGFRB","NP_002600","MINT-148093","ENSP00000261799","DIP-558N","REACT_111102","P09619","c.1091A>G, c.1106C>G, c.1119G>A, c.1309C>T, c.1368G>C, c.1557G>T, c.18G>A, c.2053C>T, c.2152A>T, c.2257C>A, c.2321C>T, c.255C>T, c.263C>T, c.2645C>T, c.2647C>A, c.2860C>A, c.316C>G, c.3205G>A, c.33C>A, c.396C>T, c.463C>T, c.497A>G, c.498C>T, c.529C>T, c.540T>A, c.542G>T, c.64C>T, c.661G>A, c.840T>A, ","c.(1090-1092)GAA>GGA, c.(1105-1107)ACG>AGG, c.(1117-1119)TCG>TCA, c.(1309-1311)CGT>TGT, c.(1366-1368)AGG>AGC, c.(1555-1557)CAG>CAT, c.(16-18)GCG>GCA, c.(2053-2055)CGC>TGC, c.(2152-2154)AAT>TAT, c.(2257-2259)CCC>ACC, c.(2320-2322)CCT>CTT, c.(253-255)CTC>CTT, c.(262-264)ACC>ATC, c.(2644-2646)ACC>ATC, c.(2647-2649)CTG>ATG, c.(2860-2862)CTG>ATG, c.(316-318)CGT>GGT, c.(3205-3207)GAA>AAA, c.(31-33)GCC>GCA, c.(394-396)GCC>GCT, c.(463-465)CAG>TAG, c.(496-498)GAC>GGC, c.(496-498)GAC>GAT, c.(529-531)CGT>TGT, c.(538-540)TCT>TCA, c.(541-543)GGT>GTT, c.(64-66)CTG>TTG, c.(661-663)GTG>ATG, c.(838-840)AGT>AGA, ","p.E364G, p.T369R, p.S373S, p.R437C, p.R456S, p.Q519H, p.A6A, p.R685C, p.N718Y, p.P753T, p.P774L, p.L85L, p.T88I, p.T882I, p.L883M, p.L954M, p.R106G, p.E1069K, p.A11A, p.A132A, p.Q155*, p.D166G, p.D166D, p.R177C, p.S180S, p.G181V, p.L22L, p.V221M, p.S280R, ","48","857"
"PDK1","NP_002601","MINT-2881420","ENSP00000282077","DIP-29497N","REACT_111217","Q15118","c.1103G>A, c.1145C>T, c.1156G>A, c.1363A>G, c.333A>C, c.847C>A, ","c.(1102-1104)CGC>CAC, c.(1144-1146)TCA>TTA, c.(1156-1158)GCA>ACA, c.(1363-1365)AGT>GGT, c.(331-333)CAA>CAC, c.(847-849)CCA>ACA, ","p.R368H, p.S382L, p.A386T, p.S455G, p.Q111H, p.P283T, ","32","868"
"PIK3CA","NP_006209","MINT-1367228","ENSP00000263967","DIP-42728N","REACT_111102","P42336","c.1034A>G, c.1093G>A, c.112C>T, c.1157G>T, c.1345C>A, c.1357G>A, c.1528C>A, c.1616C>G, c.1624G>A, c.1633G>A, c.1634A>C, c.1635G>T, c.1637A>G, c.1700A>G, c.2020G>C, c.2078G>A, c.223C>G, c.2740G>A, c.277C>T, c.2899G>A, c.3139C>T, c.3140A>G, c.3140A>T, c.316_324delGGCAACCGT, c.3197C>T, c.3207A>G, c.332A>G, c.333G>C, c.371C>T, c.847C>T, ","c.(1033-1035)AAT>AGT, c.(1093-1095)GAA>AAA, c.(112-114)CGT>TGT, c.(1156-1158)TGG>TTG, c.(1345-1347)CCT>ACT, c.(1357-1359)GAA>AAA, c.(1528-1530)CAC>AAC, c.(1615-1617)CCT>CGT, c.(1624-1626)GAA>AAA, c.(1633-1635)GAG>AAG, c.(1633-1635)GAG>GCG, c.(1633-1635)GAG>GAT, c.(1636-1638)CAG>CGG, c.(1699-1701)AAA>AGA, c.(2020-2022)GAG>CAG, c.(2077-2079)CGT>CAT, c.(223-225)CAA>GAA, c.(2740-2742)GGA>AGA, c.(277-279)CGG>TGG, c.(2899-2901)GGA>AGA, c.(3139-3141)CAT>TAT, c.(3139-3141)CAT>CGT, c.(3139-3141)CAT>CTT, c.(316-324)GGCAACCGTdel, c.(3196-3198)GCA>GTA, c.(3205-3207)TGA>TGG, c.(331-333)AAG>AGG, c.(331-333)AAG>AAC, c.(370-372)CCA>CTA, c.(847-849)CCC>TCC, ","p.N345S, p.E365K, p.R38C, p.W386L, p.P449T, p.E453K, p.H510N, p.P539R, p.E542K, p.E545K, p.E545A, p.E545D, p.Q546R, p.K567R, p.E674Q, p.R693H, p.Q75E, p.G914R, p.R93W, p.G967R, p.H1047Y, p.H1047R, p.H1047L, p.GNR106del, p.A1066V, p.*1069W, p.K111R, p.K111N, p.P124L, p.P283S, ","126","790"
"PIK3CB","NP_006210","NA","ENSP00000289153","DIP-44775N","REACT_111102","P42338","c.1543G>A, c.1810_1810delC, c.2056G>A, c.2431C>T, c.2798T>C, c.2920G>A, c.3200A>T, ","c.(1543-1545)GCA>ACA, c.(1810-1812)CGGfs, c.(2056-2058)GCT>ACT, c.(2431-2433)CGA>TGA, c.(2797-2799)CTC>CCC, c.(2920-2922)GGA>AGA, c.(3199-3201)GAC>GTC, ","p.A515T, p.R604fs, p.A686T, p.R811*, p.L933P, p.G974R, p.D1067V, ","50","858"
"PIK3CD","NP_005017","MINT-7242357","ENSP00000366563","NA","REACT_6900","O00329","c.11G>A, c.1849G>C, c.2121G>A, c.2128_splice, c.2533C>T, c.2983G>A, c.454G>A, c.653_654CC>TT, ","c.(10-12)GGG>GAG, c.(1849-1851)GGC>CGC, c.(2119-2121)ATG>ATA, c.e16-1, c.(2533-2535)CGC>TGC, c.(2983-2985)GGG>AGG, c.(454-456)GCC>ACC, c.(652-654)GCC>GTT, ","p.G4E, p.G617R, p.M707I, p.G710_splice, p.R845C, p.G995R, p.A152T, p.A218V, ","35","866"
"PIK3CG","NP_002640","MINT-155782","ENSP00000352121","DIP-37781N","REACT_111102","P48736","c.1027G>A, c.1415G>C, c.1687C>A, c.1705G>A, c.2016C>A, c.2079C>G, c.2480C>G, c.2545C>T, c.2806_2807delTG, c.2816C>A, c.3116T>C, c.3275T>A, c.532C>T, c.574G>A, c.623C>T, c.757G>A, c.777G>T, c.861C>G, c.913G>A, ","c.(1027-1029)GGC>AGC, c.(1414-1416)CGT>CCT, c.(1687-1689)CCA>ACA, c.(1705-1707)GCA>ACA, c.(2014-2016)TAC>TAA, c.(2077-2079)CAC>CAG, c.(2479-2481)ACA>AGA, c.(2545-2547)CGA>TGA, c.(2806-2808)TGTfs, c.(2815-2817)ACC>AAC, c.(3115-3117)ATG>ACG, c.(3274-3276)CTT>CAT, c.(532-534)CGT>TGT, c.(574-576)GAC>AAC, c.(622-624)CCG>CTG, c.(757-759)GCC>ACC, c.(775-777)ATG>ATT, c.(859-861)ATC>ATG, c.(913-915)GTG>ATG, ","p.G343S, p.R472P, p.P563T, p.A569T, p.Y672*, p.H693Q, p.T827R, p.R849*, p.C936fs, p.T939N, p.M1039T, p.L1092H, p.R178C, p.D192N, p.P208L, p.A253T, p.M259I, p.I287M, p.V305M, ","67","842"
"PLK1","NP_005021","MINT-86316","ENSP00000300093","DIP-29696N","REACT_115566","P53350","c.1420A>G, c.1499G>A, c.1558G>A, c.1735C>T, c.1741C>T, c.1747G>A, c.1784C>T, c.320G>A, c.451C>T, c.672C>A, c.793A>T, c.886A>G, ","c.(1420-1422)AAG>GAG, c.(1498-1500)CGC>CAC, c.(1558-1560)GCC>ACC, c.(1735-1737)CGG>TGG, c.(1741-1743)CGC>TGC, c.(1747-1749)GCC>ACC, c.(1783-1785)TCG>TTG, c.(319-321)AGC>AAC, c.(451-453)CCT>TCT, c.(670-672)AGC>AGA, c.(793-795)AAG>TAG, c.(886-888)ATT>GTT, ","p.K474E, p.R500H, p.A520T, p.R579W, p.R581C, p.A583T, p.S595L, p.S107N, p.P151S, p.S224R, p.K265*, p.I296V, ","29","872"
"PLK2","NP_006613","NA","ENSP00000274289","NA","NA","Q9NYY3","c.1226A>G, c.1403T>C, c.1679A>T, c.1709C>T, c.274G>A, c.910C>A, ","c.(1225-1227)CAG>CGG, c.(1402-1404)ATG>ACG, c.(1678-1680)GAT>GTT, c.(1708-1710)ACG>ATG, c.(274-276)GGC>AGC, c.(910-912)CTG>ATG, ","p.Q409R, p.M468T, p.D560V, p.T570M, p.G92S, p.L304M, ","107","812"
"PLK3","NP_004064","NA","ENSP00000361275","NA","NA","Q9H4B4","c.301C>T, c.767G>A, ","c.(301-303)CCG>TCG, c.(766-768)GGG>GAG, ","p.P101S, p.G256E, ","37","869"
"PPM1D","NP_003611","NA","ENSG00000170836","NA","NA","O15297","","","","0","904"
"PRKAA1","NP_996790","MINT-6771251","ENSP00000346148","DIP-39973N","REACT_111102","Q13131","c.1403G>A, c.1526C>G, ","c.(1402-1404)AGC>AAC, c.(1525-1527)TCG>TGG, ","p.S468N, p.S509W, ","17","886"
"PRKCA","NP_002728","MINT-140812","ENSP00000284384","DIP-531N","REACT_111102","P17252","c.1208T>A, c.1231_splice, c.1458G>T, c.162C>T, c.481C>T, c.51C>T, c.712C>T, c.905G>A, ","c.(1207-1209)CTG>CAG, c.e11-1, c.(1456-1458)AAG>AAT, c.(160-162)ACC>ACT, c.(481-483)CGG>TGG, c.(49-51)GCC>GCT, c.(712-714)CGA>TGA, c.(904-906)AGG>AAG, ","p.L403Q, p.D411_splice, p.K486N, p.T54T, p.R161W, p.A17A, p.R238*, p.R302K, ","218","690"
"PRKCB","NP_002729","MINT-240997","ENSP00000305355","DIP-34187N","REACT_111102","P05771","c.1007G>T, c.1011G>A, c.1155G>T, c.1299G>C, c.1423G>A, c.1423G>T, c.150C>A, c.1525G>A, c.1628G>T, c.1846C>A, c.1861G>A, c.1871G>A, c.2006C>G, c.344G>T, c.384G>T, c.411G>T, c.541_541delA, c.565A>T, c.881G>A, c.884G>A, ","c.(1006-1008)CGG>CTG, c.(1009-1011)ATG>ATA, c.(1153-1155)GAG>GAT, c.(1297-1299)CAG>CAC, c.(1423-1425)GAT>AAT, c.(1423-1425)GAT>TAT, c.(148-150)TGC>TGA, c.(1525-1527)GCC>ACC, c.(1627-1629)GGG>GTG, c.(1846-1848)CCT>ACT, c.(1861-1863)GCT>ACT, c.(1870-1872)CGA>CAA, c.(2005-2007)CCC>CGC, c.(343-345)TGT>TTT, c.(382-384)CAG>CAT, c.(409-411)ATG>ATT, c.(541-543)AAAfs, c.(565-567)AAT>TAT, c.(880-882)GGA>GAA, c.(883-885)AGT>AAT, ","p.R336L, p.M337I, p.E385D, p.Q433H, p.D475N, p.D475Y, p.C50*, p.A509T, p.G543V, p.P616T, p.A621T, p.R624Q, p.P669R, p.C115F, p.Q128H, p.M137I, p.K181fs, p.N189Y, p.G294E, p.S295N, ","72","844"
"PRKCD","NP_006245","MINT-1346366","ENSP00000331602","DIP-29954N","REACT_111102","Q05655","c.1244G>A, c.1346G>A, c.1706G>A, c.1728G>T, c.634G>A, ","c.(1243-1245)TGC>TAC, c.(1345-1347)CGT>CAT, c.(1705-1707)CGC>CAC, c.(1726-1728)AAG>AAT, c.(634-636)GCG>ACG, ","p.C415Y, p.R449H, p.R569H, p.K576N, p.A212T, ","30","875"
"PRKCE","NP_005391","MINT-88515","ENSP00000306124","DIP-34186N","REACT_111102","Q02156","c.1130G>A, c.1513G>A, c.1519C>G, c.1741G>A, c.1747G>C, c.1816_1816delC, c.1942A>T, c.1967A>C, c.419A>G, c.43G>A, c.445G>A, c.479T>C, c.664G>T, c.982G>C, ","c.(1129-1131)CGG>CAG, c.(1513-1515)GAC>AAC, c.(1519-1521)CCT>GCT, c.(1741-1743)GAG>AAG, c.(1747-1749)GAG>CAG, c.(1816-1818)CCCfs, c.(1942-1944)AAG>TAG, c.(1966-1968)CAG>CCG, c.(418-420)AAA>AGA, c.(43-45)GCC>ACC, c.(445-447)GAA>AAA, c.(478-480)GTC>GCC, c.(664-666)GGG>TGG, c.(982-984)GAG>CAG, ","p.R377Q, p.D505N, p.P507A, p.E581K, p.E583Q, p.P606fs, p.K648*, p.Q656P, p.K140R, p.A15T, p.E149K, p.V160A, p.G222W, p.E328Q, ","34","870"
"PRKCG","NP_002730","MINT-222801","ENSP00000263431","DIP-39795N","REACT_111102","P05129","c.1001C>A, c.1133C>T, c.1297G>A, c.1304A>G, c.1334A>G, c.1367A>G, c.1529C>A, c.1666G>T, c.1681G>C, c.1681G>T, c.1764_splice, c.1777C>A, c.203_splice, c.36G>C, c.604C>A, c.641C>T, c.941G>T, ","c.(1000-1002)CCC>CAC, c.(1132-1134)GCC>GTC, c.(1297-1299)GTG>ATG, c.(1303-1305)GAG>GGG, c.(1333-1335)CAC>CGC, c.(1366-1368)CAT>CGT, c.(1528-1530)ACG>AAG, c.(1666-1668)GAT>TAT, c.(1681-1683)GAG>CAG, c.(1681-1683)GAG>TAG, c.e16+1, c.(1777-1779)CAC>AAC, c.e3-1, c.(34-36)GAG>GAC, c.(604-606)CCA>ACA, c.(640-642)ACG>ATG, c.(940-942)CGG>CTG, ","p.P334H, p.A378V, p.V433M, p.E435G, p.H445R, p.H456R, p.T510K, p.D556Y, p.E561Q, p.E561*, p.G588_splice, p.H593N, p.V68_splice, p.E12D, p.P202T, p.T214M, p.R314L, ","48","855"
"PRKCH","NP_006246","MINT-3973608","ENSP00000329127","DIP-44588N","REACT_111102","P24723","c.1231C>T, c.1324A>G, c.1363C>T, c.1835C>T, c.1835_1836insT, c.446G>A, ","c.(1231-1233)CGC>TGC, c.(1324-1326)ATG>GTG, c.(1363-1365)CGA>TGA, c.(1834-1836)CCT>CTT, c.(1834-1836)CCTfs, c.(445-447)CGG>CAG, ","p.R411C, p.M442V, p.R455*, p.P612L, p.P612fs, p.R149Q, ","42","864"
"PRKCI","NP_002731","MINT-5004219","ENSP00000295797","NA","REACT_111102","P41743","c.1188C>G, c.1229C>T, c.124G>C, c.137_138CC>TT, c.1438C>T, c.1567C>T, c.1573G>A, c.164G>A, c.217G>A, c.385G>A, c.388C>T, c.452G>A, c.721G>C, c.728G>A, c.818_819insA, c.932A>G, ","c.(1186-1188)GAC>GAG, c.(1228-1230)ACC>ATC, c.(124-126)GAA>CAA, c.(136-138)TCC>TTT, c.(1438-1440)CGC>TGC, c.(1567-1569)CGA>TGA, c.(1573-1575)GTT>ATT, c.(163-165)CGA>CAA, c.(217-219)GAG>AAG, c.(385-387)GCA>ACA, c.(388-390)CGC>TGC, c.(451-453)CGT>CAT, c.(721-723)GAA>CAA, c.(727-729)GGC>GAC, c.(817-819)TTAfs, c.(931-933)AAT>AGT, ","p.D396E, p.T410I, p.E42Q, p.S46F, p.R480C, p.R523*, p.V525I, p.R55Q, p.E73K, p.A129T, p.R130C, p.R151H, p.E241Q, p.G243D, p.L273fs, p.N311S, ","56","856"
"PRKCQ","NP_006248","MINT-4649766","ENSP00000263125","NA","REACT_111045","Q04759","c.1037A>T, c.1121C>T, c.1153G>A, c.1252_1253insA, c.1356C>G, c.1698T>G, c.1873C>T, c.198C>G, c.2153G>T, c.2207G>A, c.310C>T, c.506C>T, c.593C>G, c.637G>T, c.819G>C, c.986A>G, ","c.(1036-1038)GAA>GTA, c.(1120-1122)CCT>CTT, c.(1153-1155)GAG>AAG, c.(1252-1254)ATGfs, c.(1354-1356)GAC>GAG, c.(1696-1698)GAT>GAG, c.(1873-1875)CGC>TGC, c.(196-198)GTC>GTG, c.(2152-2154)AGC>ATC, c.(2206-2208)CGG>CAG, c.(310-312)CAG>TAG, c.(505-507)ACG>ATG, c.(592-594)ACC>AGC, c.(637-639)GTC>TTC, c.(817-819)AAG>AAC, c.(985-987)GAG>GGG, ","p.E346V, p.P374L, p.E385K, p.M418fs, p.D452E, p.D566E, p.R625C, p.V66V, p.S718I, p.R736Q, p.Q104*, p.T169M, p.T198S, p.V213F, p.K273N, p.E329G, ","42","865"
"PRKCSH","NP_002734","MINT-1380114","ENSP00000252455","NA","REACT_17015","P14314","c.937_939delGAG, ","c.(937-939)GAGdel, ","p.E325del, ","5","899"
"PRKCZ","NP_002735","MINT-5004464","ENSP00000367830","NA","REACT_604","Q05513","c.1405G>T, c.1623C>T, c.444C>G, c.635T>A, c.823G>T, ","c.(1405-1407)GTG>TTG, c.(1621-1623)GAC>GAT, c.(442-444)AGC>AGG, c.(634-636)ATT>AAT, c.(823-825)GAC>TAC, ","p.V469L, p.D541D, p.S148R, p.I212N, p.D275Y, ","32","871"
"PRKDC","NP_008835","MINT-5006046","ENSP00000313420","DIP-24186N","REACT_216","P78527","c.10004G>T, c.10420C>T, c.10814_10815insA, c.10856A>G, c.10867C>T, c.11033_11034GG>TA, c.11854_splice, c.12241G>T, c.1945T>C, c.2139_splice, c.224G>A, c.2684C>T, c.2755C>T, c.3680_3680delG, c.3730_3731insC, c.3905C>G, c.3910C>T, c.4138G>A, c.4375C>T, c.4751A>G, c.4795G>A, c.496_496delA, c.5107A>G, c.6218A>T, c.6338_6340delGAG, c.6352G>A, c.7204C>T, c.7598C>G, c.7898G>T, c.8110_8110delA, c.8122C>T, c.8675T>G, c.8894A>G, c.9399G>T, ","c.(10003-10005)AGG>ATG, c.(10420-10422)CGG>TGG, c.(10813-10815)AACfs, c.(10855-10857)GAC>GGC, c.(10867-10869)CCA>TCA, c.(11032-11034)GGG>GTA, c.e85-1, c.(12241-12243)GCA>TCA, c.(1945-1947)TTT>CTT, c.e19+1, c.(223-225)AGT>AAT, c.(2683-2685)GCA>GTA, c.(2755-2757)CTC>TTC, c.(3679-3681)GGTfs, c.(3730-3732)CTTfs, c.(3904-3906)GCC>GGC, c.(3910-3912)CAT>TAT, c.(4138-4140)GCA>ACA, c.(4375-4377)CAC>TAC, c.(4750-4752)CAG>CGG, c.(4795-4797)GGC>AGC, c.(496-498)ATAfs, c.(5107-5109)ACT>GCT, c.(6217-6219)GAC>GTC, c.(6337-6342)GGAGAA>GAA, c.(6352-6354)GTG>ATG, c.(7204-7206)CTT>TTT, c.(7597-7599)TCA>TGA, c.(7897-7899)GGG>GTG, c.(8110-8112)AGGfs, c.(8122-8124)CCA>TCA, c.(8674-8676)CTG>CGG, c.(8893-8895)TAT>TGT, c.(9397-9399)CAG>CAT, ","p.R3335M, p.R3474W, p.N3605fs, p.D3619G, p.P3623S, p.G3678V, p.F3952_splice, p.A4081S, p.F649L, p.E713_splice, p.S75N, p.A895V, p.L919F, p.G1227fs, p.L1244fs, p.A1302G, p.H1304Y, p.A1380T, p.H1459Y, p.Q1584R, p.G1599S, p.I166fs, p.T1703A, p.D2073V, p.G2113del, p.V2118M, p.L2402F, p.S2533*, p.G2633V, p.R2704fs, p.P2708S, p.L2892R, p.Y2965C, p.Q3133H, ","985","61"
"PSENEN","NP_758844","MINT-5207259","ENSP00000222266","NA","REACT_111102","Q9NZ42","c.62_splice, ","c.e3-1, ","p.G21_splice, ","2","901"
"PTK2","NP_005598","MINT-92695","ENSP00000341189","NA","REACT_111045","Q05397","c.113C>T, c.2071T>C, c.2095A>G, c.2498G>A, c.2884A>G, c.3014T>C, c.3178A>G, c.412C>T, c.888C>A, c.99T>C, ","c.(112-114)TCG>TTG, c.(2071-2073)TTT>CTT, c.(2095-2097)AGC>GGC, c.(2497-2499)CGT>CAT, c.(2884-2886)AGT>GGT, c.(3013-3015)ATT>ACT, c.(3178-3180)ATT>GTT, c.(412-414)CCA>TCA, c.(886-888)ATC>ATA, c.(97-99)AAT>AAC, ","p.S38L, p.F691L, p.S699G, p.R833H, p.S962G, p.I1005T, p.I1060V, p.P138S, p.I296I, p.N33N, ","35","866"
"PTPN11","NP_002825","MINT-199832","ENSP00000340944","DIP-516N","REACT_111045","Q06124","c.1022T>A, c.1492C>T, c.1535G>C, c.1658C>T, c.1733G>C, c.173A>G, c.1747G>A, c.184T>C, c.33C>G, c.425G>A, c.515T>C, c.833G>A, ","c.(1021-1023)TTT>TAT, c.(1492-1494)CGG>TGG, c.(1534-1536)CGA>CCA, c.(1657-1659)ACG>ATG, c.(1732-1734)AGA>ACA, c.(172-174)AAC>AGC, c.(1747-1749)GTG>ATG, c.(184-186)TAC>CAC, c.(31-33)ATC>ATG, c.(424-426)AGC>AAC, c.(514-516)ATT>ACT, c.(832-834)AGA>AAA, ","p.F341Y, p.R498W, p.R512P, p.T553M, p.R578T, p.N58S, p.V583M, p.Y62H, p.I11M, p.S142N, p.I172T, p.R278K, ","30","869"
"PTPN6","NP_536859","MINT-134053","ENSP00000326010","NA","REACT_111102","P29350","c.135_135delG, ","c.(133-135)GTGfs, ","p.V45fs, ","1","903"
"RAC1","NP_061485","NA","ENSG00000136238","NA","NA","P63000 c.116A>G","c.116A>G, c.332A>T, c.586C>G, c.85C>T, c.95A>G, ","c.(115-117)AAT>AGT, c.(331-333)AAT>ATT, c.(586-588)CTC>GTC, c.(85-87)CCT>TCT, c.(94-96)TAT>TGT, ","p.N39S, p.N111I, p.L196V, p.P29S, p.Y32C, ","26","875"
"RET","NP_066124","NA","ENSP00000344798","NA","NA","P07949","c.1078C>T, c.1160G>T, c.1201A>T, c.1282G>A, c.133G>A, c.1682G>T, c.1699G>A, c.1909G>A, c.2063C>A, c.2083C>G, c.2136_splice, c.2236C>A, c.2248G>A, c.2294C>T, c.230G>T, c.2371T>A, c.2392_splice, c.2393_2394insC, c.2530C>T, c.2939T>C, c.2971G>A, c.3051C>G, c.3136_3137insC, c.3142C>T, c.3314C>T, c.3335T>A, c.566G>A, c.952C>G, ","c.(1078-1080)CGG>TGG, c.(1159-1161)GGC>GTC, c.(1201-1203)AGC>TGC, c.(1282-1284)GAA>AAA, c.(133-135)GCG>ACG, c.(1681-1683)AGC>ATC, c.(1699-1701)GAC>AAC, c.(1909-1911)GTG>ATG, c.(2062-2064)TCC>TAC, c.(2083-2085)CCC>GCC, c.e11+1, c.(2236-2238)CTG>ATG, c.(2248-2250)GCA>ACA, c.(2293-2295)TCC>TTC, c.(229-231)CGC>CTC, c.(2371-2373)TAT>AAT, c.e13+1, c.(2392-2394)GGCfs, c.(2530-2532)CGG>TGG, c.(2938-2940)ATG>ACG, c.(2971-2973)GAG>AAG, c.(3049-3051)GAC>GAG, c.(3136-3138)GCCfs, c.(3142-3144)CTC>TTC, c.(3313-3315)GCG>GTG, c.(3334-3336)TTT>TAT, c.(565-567)CGC>CAC, c.(952-954)CTG>GTG, ","p.R360W, p.G387V, p.S401C, p.E428K, p.A45T, p.S561I, p.D567N, p.V637M, p.S688Y, p.P695A, p.L712_splice, p.L746M, p.A750T, p.S765F, p.R77L, p.Y791N, p.G798_splice, p.G798fs, p.R844W, p.M980T, p.E991K, p.D1017E, p.A1046fs, p.L1048F, p.A1105V, p.F1112Y, p.R189H, p.L318V, ","50","857"
"ROCK1","NP_005397","MINT-1195170","ENSP00000382697","NA","REACT_111045","Q13464","c.1339G>A, c.1466T>C, c.1963G>A, c.2149G>A, c.2203G>A, c.2229G>A, c.2846C>T, c.3041A>T, c.362_363insT, c.3921_3921delA, c.692G>A, ","c.(1339-1341)GAT>AAT, c.(1465-1467)ATG>ACG, c.(1963-1965)GCT>ACT, c.(2149-2151)GAA>AAA, c.(2203-2205)GTT>ATT, c.(2227-2229)ATG>ATA, c.(2845-2847)ACC>ATC, c.(3040-3042)GAT>GTT, c.(361-363)TTCfs, c.(3919-3921)AAAfs, c.(691-693)TGT>TAT, ","p.D447N, p.M489T, p.A655T, p.E717K, p.V735I, p.M743I, p.T949I, p.D1014V, p.F121fs, p.K1307fs, p.C231Y, ","79","840"
"ROCK2","NP_004841","MINT-4299744","ENSP00000317985","NA","REACT_111045","O75116","c.1427G>T, c.146G>A, c.1472G>T, c.1865A>G, c.1917G>C, c.2464_2464delA, c.2577G>T, c.3037G>A, c.3142G>A, c.3170G>A, c.3742C>T, c.4138C>T, ","c.(1426-1428)CGC>CTC, c.(145-147)GGC>GAC, c.(1471-1473)CGG>CTG, c.(1864-1866)AAT>AGT, c.(1915-1917)GAG>GAC, c.(2464-2466)ATGfs, c.(2575-2577)ATG>ATT, c.(3037-3039)GCA>ACA, c.(3142-3144)GTC>ATC, c.(3169-3171)CGG>CAG, c.(3742-3744)CCA>TCA, c.(4138-4140)CGA>TGA, ","p.R476L, p.G49D, p.R491L, p.N622S, p.E639D, p.M822fs, p.M859I, p.A1013T, p.V1048I, p.R1057Q, p.P1248S, p.R1380*, ","71","846"
"RPS6KA1","NP_001006666","MINT-207205","ENSP00000363277","DIP-29987N","REACT_111045","Q15418","c.1290G>T, c.1328G>A, c.1346C>A, c.1688G>A, c.181G>C, c.1856G>T, c.1910G>A, c.1912A>G, c.2038C>T, c.2203C>T, c.533_534CT>TC, ","c.(1288-1290)AAG>AAT, c.(1327-1329)CGC>CAC, c.(1345-1347)ACC>AAC, c.(1687-1689)CGC>CAC, c.(181-183)GCT>CCT, c.(1855-1857)GGA>GTA, c.(1909-1911)CGG>CAG, c.(1912-1914)ATC>GTC, c.(2038-2040)CAG>TAG, c.(2203-2205)CGA>TGA, c.(532-534)GCC>GTC, ","p.K430N, p.R443H, p.T449N, p.R563H, p.A61P, p.G619V, p.R637Q, p.I638V, p.Q680*, p.R735*, p.A178V, ","27","874"
"RPS6KA2","NP_066958","MINT-1542928","ENSP00000265678","DIP-295N","REACT_111045","Q15349","c.1006G>A, c.1312G>A, c.1355C>G, c.1591G>C, c.1699G>T, c.1789T>C, c.1829G>A, c.1838A>G, c.1969G>T, c.2028G>C, c.2035C>T, c.2215G>C, c.2239C>T, ","c.(1006-1008)GAA>AAA, c.(1312-1314)GAT>AAT, c.(1354-1356)TCA>TGA, c.(1591-1593)GAG>CAG, c.(1699-1701)GAT>TAT, c.(1789-1791)TGC>CGC, c.(1828-1830)CGT>CAT, c.(1837-1839)TAT>TGT, c.(1969-1971)GCC>TCC, c.(2026-2028)AAG>AAC, c.(2035-2037)CAC>TAC, c.(2215-2217)GTG>CTG, c.(2239-2241)CGC>TGC, ","p.E336K, p.D438N, p.S452*, p.E531Q, p.D567Y, p.C597R, p.R610H, p.Y613C, p.A657S, p.K676N, p.H679Y, p.V739L, p.R747C, ","47","865"
"RPS6KA3","NP_004577","MINT-1542962","ENSP00000368884","DIP-38247N","REACT_111045","P51812","c.1015G>T, c.1147C>T, c.1213C>T, c.1403_1405delTTC, c.1786G>A, c.2203_2203delA, c.326T>G, ","c.(1015-1017)GAA>TAA, c.(1147-1149)CGG>TGG, c.(1213-1215)CAT>TAT, c.(1402-1407)CTTCGT>CGT, c.(1786-1788)GAT>AAT, c.(2203-2205)ATCfs, c.(325-327)GTT>GGT, ","p.E339*, p.R383W, p.H405Y, p.L468del, p.D596N, p.I735fs, p.V109G, ","19","884"
"RPS6KA4","NP_003933","NA","ENSP00000333896","NA","REACT_111045","O75676","c.1175C>T, c.1487G>A, c.1495C>T, c.1547C>G, c.1615G>T, c.707C>T, c.802G>A, c.976C>G, ","c.(1174-1176)GCG>GTG, c.(1486-1488)CGC>CAC, c.(1495-1497)CGG>TGG, c.(1546-1548)GCC>GGC, c.(1615-1617)GCC>TCC, c.(706-708)TCG>TTG, c.(802-804)GTG>ATG, c.(976-978)CTG>GTG, ","p.A392V, p.R496H, p.R499W, p.A516G, p.A539S, p.S236L, p.V268M, p.L326V, ","20","885"
"RPS6KA5","NP_004746","MINT-261060","ENSP00000261991","NA","REACT_111045","O75582","c.1283A>G, c.1371C>G, c.1398A>C, c.1769C>T, c.2263A>C, c.2323A>T, c.2364C>A, c.443G>A, c.502C>G, c.772G>C, ","c.(1282-1284)AAG>AGG, c.(1369-1371)ATC>ATG, c.(1396-1398)CAA>CAC, c.(1768-1770)GCC>GTC, c.(2263-2265)ACG>CCG, c.(2323-2325)ACA>TCA, c.(2362-2364)AGC>AGA, c.(442-444)CGT>CAT, c.(502-504)CTC>GTC, c.(772-774)GAT>CAT, ","p.K428R, p.I457M, p.Q466H, p.A590V, p.T755P, p.T775S, p.S788R, p.R148H, p.L168V, p.D258H, ","351","552"
"RPS6KA6","NP_055311","MINT-1424416","ENSP00000262752","NA","REACT_111045","Q9UK32","c.1032A>C, c.1112_splice, c.141_splice, c.1601T>C, c.1971_splice, c.1998G>T, c.1999G>T, c.24C>T, c.327_328insA, c.545T>C, c.721G>C, c.752C>T, c.756G>C, c.930G>T, c.990_991insT, ","c.(1030-1032)CAA>CAC, c.e14-1, c.e2+1, c.(1600-1602)CTT>CCT, c.e20+1, c.(1996-1998)ATG>ATT, c.(1999-2001)GAC>TAC, c.(22-24)GAC>GAT, c.(325-330)AAAGCCfs, c.(544-546)CTG>CCG, c.(721-723)GCT>CCT, c.(751-753)TCC>TTC, c.(754-756)CAG>CAC, c.(928-930)AGG>AGT, c.(988-993)TTTGCAfs, ","p.Q344H, p.D371_splice, p.H47_splice, p.L534P, p.K657_splice, p.M666I, p.D667Y, p.D8D, p.K109fs, p.L182P, p.A241P, p.S251F, p.Q252H, p.R310S, p.F330fs, ","37","863"
"RPS6KB2","NP_003943","NA","ENSG00000175634","NA","NA","Q9UBS0","c.1256G>A, c.154G>A, c.691G>A, ","c.(1255-1257)CGG>CAG, c.(154-156)GAG>AAG, c.(691-693)GGC>AGC, ","p.R419Q, p.E52K, p.G231S, ","21","884"
"RXRA","NP_002948","MINT-98407","ENSP00000419692","DIP-641N","REACT_111045","P19793","c.148C>T, c.197C>T, c.237G>A, c.325_325delC, c.406G>A, c.863A>G, ","c.(148-150)CCC>TCC, c.(196-198)TCG>TTG, c.(235-237)GTG>GTA, c.(325-327)CCCfs, c.(406-408)GCC>ACC, c.(862-864)CAC>CGC, ","p.P50S, p.S66L, p.V79V, p.P109fs, p.A136T, p.H288R, ","28","877"
"RXRB","NP_068811","MINT-1365658","ENSP00000363812","NA","REACT_71","P28702","c.1277_1277delC, ","c.(1276-1278)ACAfs, ","p.T426fs, ","2","902"
"SGK3","NP_001028750","NA","ENSP00000262211","NA","NA","Q96BR1","c.1074_splice, c.1145C>A, c.1250C>T, c.1397C>T, c.1401C>A, c.217C>T, c.275C>T, c.309G>C, c.452C>T, c.483C>A, c.737G>T, c.743_743delT, c.950C>A, ","c.e14+1, c.(1144-1146)CCA>CAA, c.(1249-1251)CCT>CTT, c.(1396-1398)TCT>TTT, c.(1399-1401)GAC>GAA, c.(217-219)CCT>TCT, c.(274-276)GCA>GTA, c.(307-309)AGG>AGC, c.(451-453)CCG>CTG, c.(481-483)GAC>GAA, c.(736-738)GGG>GTG, c.(742-744)CTTfs, c.(949-951)ACC>AAC, ","p.L358_splice, p.P382Q, p.P417L, p.S466F, p.D467E, p.P73S, p.A92V, p.R103S, p.P151L, p.D161E, p.G246V, p.L248fs, p.T317N, ","48","862"
"SMO","NP_005622","NA","ENSP00000249373","NA","REACT_111102","Q99835","c.1210G>A, c.1490G>T, c.1714G>T, c.1823A>G, c.2100C>A, c.2265C>A, ","c.(1210-1212)GTG>ATG, c.(1489-1491)GGG>GTG, c.(1714-1716)GCC>TCC, c.(1822-1824)AAT>AGT, c.(2098-2100)ACC>ACA, c.(2263-2265)CCC>CCA, ","p.V404M, p.G497V, p.A572S, p.N608S, p.T700T, p.P755P, ","44","858"
"SRC","NP_005408","MINT-93621","ENSP00000350941","DIP-1059N","REACT_111045","P12931","c.1138G>A, c.1560_1561GG>AA, c.1587G>C, c.487C>T, c.892A>G, c.920C>G, c.934C>T, ","c.(1138-1140)GTG>ATG, c.(1558-1563)GAGGAC>GAAAAC, c.(1585-1587)CAG>CAC, c.(487-489)CGG>TGG, c.(892-894)AAA>GAA, c.(919-921)CCA>CGA, c.(934-936)CAG>TAG, ","p.V380M, p.D521N, p.Q529H, p.R163W, p.K298E, p.P307R, p.Q312*, ","14","888"
"SYK","NP_003168","MINT-148486","ENSP00000364898","DIP-253N","REACT_111102","P43405","c.1057G>A, c.124C>T, c.1702T>C, c.1733G>A, c.1762G>A, c.1858G>A, c.1865T>C, c.490_491insA, c.990G>T, ","c.(1057-1059)GCG>ACG, c.(124-126)CGC>TGC, c.(1702-1704)TAT>CAT, c.(1732-1734)GGA>GAA, c.(1762-1764)GGA>AGA, c.(1858-1860)GCA>ACA, c.(1864-1866)GTG>GCG, c.(490-492)GAAfs, c.(988-990)TGG>TGT, ","p.A353T, p.R42C, p.Y568H, p.G578E, p.G588R, p.A620T, p.V622A, p.E164fs, p.W330C, ","31","875"
"TBK1","NP_037386","MINT-1131333","ENSP00000329967","DIP-27529N","REACT_6900","Q9UHD2","c.1529G>T, c.1657C>G, c.1921_1923delGAA, c.349C>T, c.545C>T, ","c.(1528-1530)AGT>ATT, c.(1657-1659)CAA>GAA, c.(1921-1923)GAAdel, c.(349-351)CGA>TGA, c.(544-546)CCT>CTT, ","p.S510I, p.Q553E, p.E643del, p.R117*, p.P182L, ","26","876"
"TEC","NP_003206","MINT-1498364","ENSP00000370912","NA","REACT_111102","P42680","c.1393G>C, c.1411C>G, c.1427G>T, c.1582C>T, c.1669G>A, c.1747C>T, c.1760C>T, c.1861G>A, c.241C>G, c.266T>G, c.377C>A, c.497G>A, c.926C>T, ","c.(1393-1395)GTA>CTA, c.(1411-1413)CAG>GAG, c.(1426-1428)GGG>GTG, c.(1582-1584)CCT>TCT, c.(1669-1671)GAA>AAA, c.(1747-1749)CGA>TGA, c.(1759-1761)CCG>CTG, c.(1861-1863)GAA>AAA, c.(241-243)CAG>GAG, c.(265-267)CTT>CGT, c.(376-378)ACA>AAA, c.(496-498)CGA>CAA, c.(925-927)CCA>CTA, ","p.V465L, p.Q471E, p.G476V, p.P528S, p.E557K, p.R583*, p.P587L, p.E621K, p.Q81E, p.L89R, p.T126K, p.R166Q, p.P309L, ","410","497"
"TNF","NP_000585","MINT-1131842","ENSP00000365290","DIP-2895N","REACT_578","P01375","c.407C>T, c.673C>A, ","c.(406-408)TCC>TTC, c.(673-675)CAG>AAG, ","p.S136F, p.Q225K, ","10","894"
"TOP1","NP_003277","NA","ENSP00000354522","NA","NA","P11387","c.1052C>A, c.1079_1079delT, c.1681G>A, c.2025G>A, c.2141T>C, c.326G>T, c.545A>C, c.550A>G, c.622G>A, c.703C>A, c.835T>C, c.975_splice, c.977A>G, ","c.(1051-1053)GCT>GAT, c.(1078-1080)CTTfs, c.(1681-1683)GAG>AAG, c.(2023-2025)ATG>ATA, c.(2140-2142)ATT>ACT, c.(325-327)GGC>GTC, c.(544-546)GAT>GCT, c.(550-552)AAA>GAA, c.(622-624)GAA>AAA, c.(703-705)CCA>ACA, c.(835-837)TTT>CTT, c.e11+1, c.(976-978)AAA>AGA, ","p.A351D, p.L360fs, p.E561K, p.M675I, p.I714T, p.G109V, p.D182A, p.K184E, p.E208K, p.P235T, p.F279L, p.L325_splice, p.K326R, ","29","875"
"WEE1","NP_003381","MINT-129561","ENSP00000402084","NA","REACT_115566","P30291","c.1085A>G, c.662_663GA>TT, ","c.(1084-1086)TAT>TGT, c.(661-663)GGA>GTT, ","p.Y362C, p.G221V, ","22","880"
"XIAP","NP_001158","MINT-141734","ENSP00000347858","DIP-27626N","REACT_578","P98170","c.1045_1047delGAG, c.47A>G, c.977_splice, ","c.(1045-1047)GAGdel, c.(46-48)GAC>GGC, c.e3+2, ","p.E350del, p.D16G, p.G326_splice, ","27","875"
